OID_,Status,Score,X,Y,USER_Ward,USER_Precinct,USER_Location2,USER_Location3,Match_addr,USER_City,USER_State,USER_ZipCode,USER_Voting_Roo,USER_HP_Entrance,shape_wkt,POINT_X,POINT_Y
1,M,99.670000000000002,-71.034890921337009,42.365571666679159,1.000000000000000,1,SAMUEL ADAMS ELEMENTARY SCHOOL ,165 WEBSTER STREET,"165 Webster Street, East Boston, Massachusetts, 02128",BOSTON,MA,02128,VOTE IN AUDITORIUM,VOTERS ENTER FROM LEFT OF MAIN ENTRANCE,POINT (-71.034890920999942 42.36557166700004),-71.034890920999942,42.365571667000040
2,M,99.640000000000001,-71.037528873904392,42.372896737592725,1.000000000000000,4,PARIS STREET COMMUNITY CENTER ,112 PARIS STREET,"112 Paris Street, East Boston, Massachusetts, 02128",BOSTON,MA,02128,VOTE IN GYMNASIUM,,POINT (-71.037528873999975 42.372896738000065),-71.037528873999975,42.372896738000065
3,M,100.000000000000000,-71.040179650783628,42.368670204826003,1.000000000000000,3,BHA HERITAGE APARTMENTS ,209 SUMNER STREET,"209 Sumner Street, #3, East Boston, Massachusetts, 02128",BOSTON,MA,02128,VOTE IN COMMUNITY ROOM,,POINT (-71.04017965099996 42.368670205000058),-71.040179650999960,42.368670205000058
4,M,99.670000000000002,-71.034221207273291,42.369256686591200,1.000000000000000,2,DONALD MCKAY SCHOOL ,122 COTTAGE STREET,"122 Cottage Street, East Boston, Massachusetts, 02128",BOSTON,MA,02128,VOTE IN MUSIC ROOM,VOTER ENTRANCE MCKAY PLACE,POINT (-71.034221206999973 42.369256687000075),-71.034221206999973,42.369256687000075
5,M,99.640000000000001,-71.037528873904392,42.372896737592725,1.000000000000000,5,PARIS STREET COMMUNITY CENTER ,112 PARIS STREET,"112 Paris Street, East Boston, Massachusetts, 02128",BOSTON,MA,02128,VOTE IN GYMNASIUM,,POINT (-71.037528873999975 42.372896738000065),-71.037528873999975,42.372896738000065
6,M,99.629999999999995,-71.034922018197790,42.380966121508266,1.000000000000000,6,EAST BOSTON HIGH SCHOOL GYMNASIUM ,86 WHITE STREET,"86 White Street, East Boston, Massachusetts, 02128",BOSTON,MA,02128,VOTE IN GYMNASIUM,VOTER ENTRANCE LEFT SIDE OF BUILDING ON BROOKS STREET,POINT (-71.034922017999975 42.380966122000075),-71.034922017999975,42.380966122000075
7,M,99.629999999999995,-71.034922018197790,42.380966121508266,1.000000000000000,7,EAST BOSTON HIGH SCHOOL GYMNASIUM ,86 WHITE STREET,"86 White Street, East Boston, Massachusetts, 02128",BOSTON,MA,02128,VOTE IN GYMNASIUM,VOTER ENTRANCE LEFT SIDE OF BUILDING ON BROOKS STREET,POINT (-71.034922017999975 42.380966122000075),-71.034922017999975,42.380966122000075
8,M,99.629999999999995,-71.034922018197790,42.380966121508266,1.000000000000000,8,EAST BOSTON HIGH SCHOOL GYMNASIUM ,86 WHITE STREET,"86 White Street, East Boston, Massachusetts, 02128",BOSTON,MA,02128,VOTE IN GYMNASIUM,VOTER ENTRANCE LEFT SIDE OF BUILDING ON BROOKS STREET,POINT (-71.034922017999975 42.380966122000075),-71.034922017999975,42.380966122000075
9,M,99.629999999999995,-71.034922018197790,42.380966121508266,1.000000000000000,9,EAST BOSTON HIGH SCHOOL GYMNASIUM ,86 WHITE STREET,"86 White Street, East Boston, Massachusetts, 02128",BOSTON,MA,02128,VOTE IN GYMNASIUM,VOTER ENTRANCE LEFT SIDE OF BUILDING ON BROOKS STREET,POINT (-71.034922017999975 42.380966122000075),-71.034922017999975,42.380966122000075
10,M,99.329999999999998,-71.004168480170975,42.388552037248644,1.000000000000000,13,CURTIS GUILD ELEMENTARY SCHOOL ,195 LEYDEN STREET,"195 Leyden Street, East Boston, Massachusetts, 02128",BOSTON,MA,02128,VOTE IN GYMNASIUM,VOTER ENTRANCE 195 LEYDEN STREET TO THE FAR RIGHT OF BUILDING,POINT (-71.004168479999976 42.388552037000068),-71.004168479999976,42.388552037000068
11,M,99.290000000000006,-71.034922018197790,42.380966121508266,1.000000000000000,10,EAST BOSTON HIGH SCHOOL GYMNASIUM ,86 WHITE STREET,"86 White Street, East Boston, Massachusetts, 02128",BOSTON,MA,02128,VOTE IN GYMNASIUM,VOTER ENTRANCE LEFT SIDE OF BUILDING ON BROOKS STREET,POINT (-71.034922017999975 42.380966122000075),-71.034922017999975,42.380966122000075
12,M,99.379999999999995,-71.004661168439625,42.384067341864153,1.000000000000000,12,ORIENT HEIGHTS YACHT CLUB ,61 BAYSWATER STREET,"61 Bayswater Street, East Boston, Massachusetts, 02128",BOSTON,MA,02128,VOTE IN FUNCTION ROOM,,POINT (-71.004661167999984 42.384067342000037),-71.004661167999984,42.384067342000037
13,M,99.290000000000006,-71.020132904416016,42.383834869779577,1.000000000000000,11,CHEVERUS SCHOOL APARTMENTS ,10 MOORE STREET,"10 Moore Street, East Boston, Massachusetts, 02128",BOSTON,MA,02128,VOTE IN LOBBY,VOTER ENTRANCE THROUGH PARKING LOT FROM CHAUCER STREET TO THE LEFT OF THE MAIN ENTRANCE,POINT (-71.020132903999979 42.383834870000044),-71.020132903999979,42.383834870000044
14,M,99.260000000000005,-71.009459221274341,42.392664743770212,1.000000000000000,14,OVERLOOK TERRACE ,40 VALLAR ROAD,"40 Vallar Road, East Boston, Massachusetts, 02128",BOSTON,MA,02128,VOTE IN COMMUNITY ROOM,,POINT (-71.009459220999986 42.392664744000058),-71.009459220999986,42.392664744000058
15,M,99.430000000000007,-71.045130840989358,42.319100048541600,1.000000000000000,15,CORCORAN MULLINS JENNISON COMMUNITY BUILDING , 270 MOUNT VERNON STREET,"270 Mount Vernon Street, Dorchester, Massachusetts, 02125",BOSTON,MA,02125,VOTE IN PORTLAND HALL 2ND FLOOR,,POINT (-71.045130840999946 42.319100049000042),-71.045130840999946,42.319100049000042
16,M,99.620000000000005,-71.064296146419039,42.376701367263081,2.000000000000000,1,CHARLESTOWN BOYS & GIRLS CLUB ,60 HIGH STREET,"60 High Street, Charlestown, Massachusetts, 02129",BOSTON,MA,02129,VOTE IN GYMNASIUM,,POINT (-71.064296145999947 42.376701367000067),-71.064296145999947,42.376701367000067
17,M,99.620000000000005,-71.064296146419039,42.376701367263081,2.000000000000000,3,CHARLESTOWN BOYS & GIRLS CLUB ,60 HIGH STREET,"60 High Street, Charlestown, Massachusetts, 02129",BOSTON,MA,02129,VOTE IN GYMNASIUM,,POINT (-71.064296145999947 42.376701367000067),-71.064296145999947,42.376701367000067
18,M,99.689999999999998,-71.057547457077334,42.376632635657046,2.000000000000000,2,HARVARD/KENT SCHOOL ,50 BUNKER HILL STREET,"50 Bunker Hill Street, Charlestown, Massachusetts, 02129",BOSTON,MA,02129,VOTE IN GYMNASIUM,,POINT (-71.057547456999941 42.376632636000068),-71.057547456999941,42.376632636000068
19,M,99.640000000000001,-71.067231824187203,42.379089036201634,2.000000000000000,5,CLARENCE R EDWARDS MIDDLE SCHOOL ,28 WALKER STREET,"28 Walker Street, Charlestown, Massachusetts, 02129",BOSTON,MA,02129,VOTE IN GYMNASIUM,VOTER ENTRANCE REAR SCHOOL YARD FROM EDEN STREET,POINT (-71.067231823999975 42.379089036000039),-71.067231823999975,42.379089036000039
20,M,99.640000000000001,-71.067231824187203,42.379089036201634,2.000000000000000,6,CLARENCE R EDWARDS MIDDLE SCHOOL ,28 WALKER STREET,"28 Walker Street, Charlestown, Massachusetts, 02129",BOSTON,MA,02129,VOTE IN GYMNASIUM,VOTER ENTRANCE REAR SCHOOL YARD FROM EDEN STREET,POINT (-71.067231823999975 42.379089036000039),-71.067231823999975,42.379089036000039
21,M,99.689999999999998,-71.057547457077334,42.376632635657046,2.000000000000000,4,HARVARD/KENT SCHOOL ,50 BUNKER HILL STREET,"50 Bunker Hill Street, Charlestown, Massachusetts, 02129",BOSTON,MA,02129,VOTE IN GYMNASIUM,,POINT (-71.057547456999941 42.376632636000068),-71.057547456999941,42.376632636000068
22,M,99.629999999999995,-71.069919649078471,42.379782806327455,2.000000000000000,7,GOLDEN AGE SENIOR CENTER ,382 MAIN STREET,"382 Main Street, Charlestown, Massachusetts, 02129",BOSTON,MA,02129,VOTE IN LUNCH ROOM,HP ENTRANCE REAR OF BUILDING,POINT (-71.069919648999985 42.379782806000037),-71.069919648999985,42.379782806000037
23,M,99.680000000000007,-71.054921155355373,42.364117364568699,3.000000000000000,3,NORTH END LIBRARY ,25 PARMENTER STREET,"25 Parmenter Street, Boston, Massachusetts, 02113",BOSTON,MA,02113,VOTE IN COMMUNITY ROOM,,POINT (-71.054921154999988 42.364117365000027),-71.054921154999988,42.364117365000027
24,M,99.689999999999998,-71.057547457077334,42.376632635657046,2.000000000000000,8,HARVARD/KENT SCHOOL ,50 BUNKER HILL STREET,"50 Bunker Hill Street, Charlestown, Massachusetts, 02129",BOSTON,MA,02129,VOTE IN GYMNASIUM,,POINT (-71.057547456999941 42.376632636000068),-71.057547456999941,42.376632636000068
25,M,99.680000000000007,-71.057490208678644,42.364906017838479,3.000000000000000,4,CASA MARIA APARTMENTS ,130 ENDICOTT STREET,"130 Endicott Street, Boston, Massachusetts, 02113",BOSTON,MA,02113,VOTE IN RICKY ANZILOTTI COMMUNITY ROOM,VOTERS ENTRANCE RIGHT SIDE OF BUILDING DOOR AT THE CORNER OF ENDICOTT STREET AND THACHER STREET,POINT (-71.05749020899998 42.364906018000056),-71.057490208999980,42.364906018000056
26,M,97.829999999999998,-71.051981202816577,42.362447354180006,3.000000000000000,1,CHRISTOPHER COLUMBUS ELDERLY HOUSING,145 COMMERICAL STREET,"145 Commercial Street, Boston, Massachusetts, 02109",BOSTON,MA,02109,VOTE IN COMMUNITY ROOM,,POINT (-71.051981202999968 42.362447354000039),-71.051981202999968,42.362447354000039
27,M,96.709999999999994,-71.054413798756158,42.365290831013255,3.000000000000000,2,NAZZARO COMMUNITY CENTER ,30 NORTH BENNETT STREET,"30 North Bennet Street, Boston, Massachusetts, 02113",BOSTON,MA,02113,VOTE IN COMMUNITY ROOM,HP ENTRANCE LEFT SIDE OF BUILDING,POINT (-71.054413798999974 42.365290831000038),-71.054413798999974,42.365290831000038
28,M,99.709999999999994,-71.068829368128462,42.341591992903432,3.000000000000000,7,CATHEDRAL HIGH SCHOOL GYMNASIUM ,1336 WASHINGTON STREET,"1336 Washington St, Boston, Massachusetts, 02118",BOSTON,MA,02118,,VOTER ENTRANCE RIGHT SIDE OF BUILDING ON UNION PARK STREET,POINT (-71.068829367999967 42.341591993000065),-71.068829367999967,42.341591993000065
29,M,99.640000000000001,-71.058141147279244,42.360117352735301,3.000000000000000,6,CITY HALL ,1 CITY HALL PLAZA,"1 City Hall Plaza, Boston, Massachusetts, 02201",BOSTON,MA,02201,VOTE IN HALLWAY BY CREDIT UNION,VOTER ENTRANCE NORTH SIDE OF BUILDING,POINT (-71.058141146999958 42.360117353000078),-71.058141146999958,42.360117353000078
30,M,97.409999999999997,-71.065641190421601,42.365637338890537,3.000000000000000,5,AMY LOWELL HOUSE,65 MARTHA ROAD,"65 Martha Road, Boston, Massachusetts, 02114",BOSTON,MA,020114,VOTE IN COMMUNITY ROOM,CHARLES RIVER PARK RESIDENTS VOTER ENTRANCE REAR FUNCTION ROOM,POINT (-71.065641189999951 42.365637339000045),-71.065641189999951,42.365637339000045
31,M,99.760000000000005,-71.065342207935331,42.363126330246729,3.000000000000000,9,SAINT JOSEPH PARISH,68 WILLIAM CARDINAL O'CONNELL WAY,"68 William Cardinal O'Connell Way, Boston, Massachusetts, 02114",BOSTON,MA,02114,VOTE IN LOWER HALL,VOTER ENTRANCE LEFT SIDE OF BUILDING,POINT (-71.065342207999947 42.363126330000057),-71.065342207999947,42.363126330000057
32,M,99.159999999999997,-71.065149172705205,42.348766621364632,3.000000000000000,8,WANG YMCA OF CHINATOWN ,8 OAK STREET WEST,"8 Oak Street West, Boston, Massachusetts, 02116",BOSTON,MA,02111,VOTE IN GYMNASIUM,,POINT (-71.065149172999952 42.348766621000038),-71.065149172999952,42.348766621000038
33,M,99.290000000000006,-71.058589746737198,42.354688687415177,3.000000000000000,12,SAINT ANTHONY SHRINE , 100 ARCH STREET,"100 Arch Street, Boston, Massachusetts, 02110",BOSTON,MA,02110,VOTE IN DOWNSTAIRS AUDITORIUM,HP ENTRANCE RIGHT OF THE MAIN ENTRANCE,POINT (-71.058589746999985 42.354688687000078),-71.058589746999985,42.354688687000078
34,M,99.290000000000006,-71.058589746737198,42.354688687415177,3.000000000000000,13,SAINT ANTHONY SHRINE , 100 ARCH STREET,"100 Arch Street, Boston, Massachusetts, 02110",BOSTON,MA,02110,VOTE IN DOWNSTAIRS AUDITORIUM,HP ENTRANCE RIGHT OF THE MAIN ENTRANCE,POINT (-71.058589746999985 42.354688687000078),-71.058589746999985,42.354688687000078
35,M,99.310000000000002,-71.058141147279244,42.360117352735301,3.000000000000000,10,CITY HALL ,1 CITY HALL PLAZA,"1 City Hall Plaza, Boston, Massachusetts, 02201",BOSTON,MA,02201,VOTE IN HALLWAY BY CREDIT UNION,VOTER ENTRANCE NORTH SIDE OF BUILDING,POINT (-71.058141146999958 42.360117353000078),-71.058141146999958,42.360117353000078
36,M,99.349999999999994,-71.065701204848338,42.346257331011003,3.000000000000000,15,BOSTON CHINESE EVANGELICAL CHURCH ,120 SHAWMUT AVENUE,"120 Shawmut Avenue, Boston, Massachusetts, 02118",BOSTON,MA,02118,,,POINT (-71.065701204999982 42.346257331000061),-71.065701204999982,42.346257331000061
37,M,99.310000000000002,-71.065321169358356,42.359457361679262,3.000000000000000,17,BEACON HOUSE ,19 MYRTLE STREET,"19 Myrtle Street, Boston, Massachusetts, 02114",BOSTON,MA,02114,,,POINT (-71.065321168999958 42.359457362000057),-71.065321168999958,42.359457362000057
38,M,96.450000000000003,-71.054413798756158,42.365290831013255,3.000000000000000,11,NAZZARO COMMUNITY CENTER ,30 NORTH BENNETT STREET,"30 North Bennet Street, Boston, Massachusetts, 02113",BOSTON,MA,02113,VOTE IN COMMUNITY ROOM,HP ENTRANCE LEFT SIDE OF BUILDING,POINT (-71.054413798999974 42.365290831000038),-71.054413798999974,42.365290831000038
39,M,99.430000000000007,-71.068829368128462,42.341591992903432,3.000000000000000,16,CATHEDRAL HIGH SCHOOL GYMNASIUM ,1336 WASHINGTON STREET,"1336 Washington St, Boston, Massachusetts, 02118",BOSTON,MA,02118,,VOTER ENTRANCE RIGHT SIDE OF BUILDING ON UNION PARK STREET,POINT (-71.068829367999967 42.341591993000065),-71.068829367999967,42.341591993000065
40,M,98.829999999999998,-71.065149172705205,42.348766621364632,3.000000000000000,14,WANG YMCA OF CHINATOWN ,8 OAK STREET WEST,"8 Oak Street West, Boston, Massachusetts, 02116",BOSTON,MA,02111,VOTE IN GYMNASIUM,,POINT (-71.065149172999952 42.348766621000038),-71.065149172999952,42.348766621000038
41,M,99.670000000000002,-71.071388158514807,42.344716360021721,4.000000000000000,1,CYCLORAMA , 539 TREMONT STREET,"539 Tremont Street, Boston, Massachusetts, 02116",BOSTON,MA,02116,,HP ENTRANCE TO THE RIGHT OF THE MAIN ENTRANCE,POINT (-71.07138815899998 42.344716360000064),-71.071388158999980,42.344716360000064
42,M,99.680000000000007,-71.078659878614673,42.349248371249644,4.000000000000000,2,COPLEY SQUARE LIBRARY ,700 BOYLSTON STREET,"700 Boylston Street, Boston, Massachusetts, 02116",BOSTON,MA,02116,VOTE IN GUASTAVINO ROOM OF THE MCKIM BUILDING,VOTERS ENTER FROM DARTMOUTH STREET,POINT (-71.078659878999986 42.349248371000044),-71.078659878999986,42.349248371000044
43,M,100.000000000000000,-71.076101218851335,42.346797335123085,4.000000000000000,3,TENT CITY COMMUNITY ROOM ,130 DARTMOUTH STREET,"130 Dartmouth Street, #3, Boston, Massachusetts, 02116",BOSTON,MA,02116,VOTE IN COMMUNITY ROOM,VOTER ENTRANCE YARMOUTH STREET IN REAR OF BUILDING,POINT (-71.076101218999952 42.346797335000076),-71.076101218999952,42.346797335000076
44,M,99.670000000000002,-71.079381225201942,42.340137326316977,4.000000000000000,4,FREDERICK DOUGLASS APARTMENTS ,755 TREMONT STREET,"755 Tremont Street, Boston, Massachusetts, 02118",BOSTON,MA,02118,VOTE IN COMMUNITY ROOM,,POINT (-71.079381224999963 42.340137326000047),-71.079381224999963,42.340137326000047
45,M,99.719999999999999,-71.084171063771549,42.342627715478955,4.000000000000000,5,SYMPHONY PLAZA EAST  ,334 MASSACHUSETTS AVENUE,"334 Massachusetts Avenue, Boston, Massachusetts, 02115",BOSTON,MA,02115,VOTE IN COMMUNITY ROOM,,POINT (-71.084171063999975 42.342627715000049),-71.084171063999975,42.342627715000049
46,M,99.709999999999994,-71.087853233836526,42.342056321139466,4.000000000000000,7,FENWAY CENTER , 77 SAINT STEPHEN STREET,"77 Saint Stephen Street, Boston, Massachusetts, 02115",BOSTON,MA,02115,,HP ENTRANCE RIGHT OF THE MAIN ENTRANCE,POINT (-71.087853233999965 42.34205632100003),-71.087853233999965,42.342056321000030
47,M,99.709999999999994,-71.087853233836526,42.342056321139466,4.000000000000000,6,FENWAY CENTER , 77 SAINT STEPHEN STREET,"77 Saint Stephen Street, Boston, Massachusetts, 02115",BOSTON,MA,02115,,HP ENTRANCE RIGHT OF THE MAIN ENTRANCE,POINT (-71.087853233999965 42.34205632100003),-71.087853233999965,42.342056321000030
48,M,99.719999999999999,-71.084674229419178,42.342287996943242,4.000000000000000,8,SYMPHONY PLAZA WEST  ,333 MASSACHUSETTS AVENUE,"333 Massachusetts Avenue, Boston, Massachusetts, 02115",BOSTON,MA,02115,VOTE IN COMMUNITY ROOM,,POINT (-71.084674228999972 42.342287997000028),-71.084674228999972,42.342287997000028
49,M,99.659999999999997,-71.094193892131656,42.335513575158785,4.000000000000000,9,WENTWORTH INSTITUTE ANNEX CENTRAL BUILDING ,550 PARKER STREET,"550 Parker Street, Roxbury Crossing, Massachusetts, 02120",BOSTON,MA,02120,VOTE IN CASELLA GALLERY,HP ENTRANCE LEFT OF MAIN ENTRANCE,POINT (-71.094193891999964 42.33551357500005),-71.094193891999964,42.335513575000050
50,M,99.409999999999997,-71.101229326380988,42.338928991155200,4.000000000000000,10,SIMMONS UNIVERSITY  PARK SCIENCE BUILDING ,6 AVENUE LOUIS PASTEUR,"6 Avenue Louis Pasteur, Boston, Massachusetts, 02115",BOSTON,MA,02115,VOTE IN LOBBY,,POINT (-71.101229325999952 42.338928991000046),-71.101229325999952,42.338928991000046
51,M,99.409999999999997,-71.094203447501272,42.339590742410905,4.000000000000000,12,MUSEUM OF FINE ARTS ,465 HUNTINGTON AVENUE,"465 Huntington Avenue, Boston, Massachusetts, 02115",BOSTON,MA,02115,,,POINT (-71.094203447999973 42.339590742000041),-71.094203447999973,42.339590742000041
52,M,99.409999999999997,-71.094203447501272,42.339590742410905,4.000000000000000,11,MUSEUM OF FINE ARTS ,465 HUNTINGTON AVENUE,"465 Huntington Avenue, Boston, Massachusetts, 02115",BOSTON,MA,02115,,,POINT (-71.094203447999973 42.339590742000041),-71.094203447999973,42.339590742000041
53,M,99.670000000000002,-71.071388158514807,42.344716360021721,5.000000000000000,1,CYCLORAMA , 539 TREMONT STREET,"539 Tremont Street, Boston, Massachusetts, 02116",BOSTON,MA,02116,,HP ENTRANCE TO THE RIGHT OF THE MAIN ENTRANCE,POINT (-71.07138815899998 42.344716360000064),-71.071388158999980,42.344716360000064
54,M,99.659999999999997,-71.097541205164760,42.343362347382765,5.000000000000000,2,BOSTON TEMPLE SEVENTHDAY ADVENTIST CHURCH ,105 JERSEY STREET,"105 Jersey Street, Boston, Massachusetts, 02215",BOSTON,MA,02215,VOTE IN POWERY HALL,VOTER ENTRANCE RIGHT SIDE OF BUILDING THROUGH PARKING LOT ON PETERBOROUGH STREET,POINT (-71.09754120499997 42.343362347000038),-71.097541204999970,42.343362347000038
55,M,99.640000000000001,-71.063750065427158,42.358309921044082,5.000000000000000,3,STATE HOUSE , 24 BEACON STREET,"24 Beacon Street, Boston, Massachusetts, 02133",BOSTON,MA,02133, VOTE IN HERAING ROOM B1 IN BASEMENT,VOTER ENTRANCE ON BOWDOIN STREET THROUGH ASHBURTON PARK DOOR # 16,POINT (-71.063750064999965 42.358309921000057),-71.063750064999965,42.358309921000057
56,M,99.659999999999997,-71.072401195332588,42.352607335128170,5.000000000000000,6,EMMANUEL EPISCOPAL CHURCH ,15 NEWBURY STREET,"15 Newbury Street, Boston, Massachusetts, 02116",BOSTON,MA,02116,VOTE IN COMMUNITY ROOM,VOTER ENTRANCE DOOR TO THE RIGHT CLOSEST TO  ARLINGTON STREET,POINT (-71.072401194999941 42.352607335000073),-71.072401194999941,42.352607335000073
57,M,99.709999999999994,-71.070911228224134,42.357857340182107,5.000000000000000,5,HILL HOUSE COMMUNITY CENTER ,127 MOUNT VERNON STREET,"127 Mount Vernon Street, Boston, Massachusetts, 02108",BOSTON,MA,02108,VOTE IN COMMUNITY ROOM (INSIDE FIRE DOORS),,POINT (-71.070911227999943 42.357857340000066),-71.070911227999943,42.357857340000066
58,M,99.680000000000007,-71.078321165907340,42.350127339526125,5.000000000000000,7,OLD SOUTH CHURCH ,645 BOYLSTON STREET,"645 Boylston Street, Boston, Massachusetts, 02116",BOSTON,MA,02116,VOTE IN GORDON CHAPEL,HP ENTRANCE MAIN ENTRANCE,POINT (-71.078321165999967 42.350127340000029),-71.078321165999967,42.350127340000029
59,M,99.680000000000007,-71.078659878614673,42.349248371249644,5.000000000000000,8,COPLEY SQUARE LIBRARY ,700 BOYLSTON STREET,"700 Boylston Street, Boston, Massachusetts, 02116",BOSTON,MA,02116,VOTE IN GUASTAVINO ROOM OF THE MCKIM BUILDING,VOTERS ENTER FROM DARTMOUTH STREET,POINT (-71.078659878999986 42.349248371000044),-71.078659878999986,42.349248371000044
60,M,99.680000000000007,-71.086391178465632,42.346539340143352,5.000000000000000,9,SAINT CECILIA PARISH , 18 BELVIDERE STREET,"18 Belvidere Street, Boston, Massachusetts, 02115",BOSTON,MA,02115,VOTER ENTRANCE UPSTAIRS ON BELVIDERE STREET HP ENTRANCE GROUND LEVEL GLASS DOORS,,POINT (-71.086391177999985 42.346539340000049),-71.086391177999985,42.346539340000049
61,M,99.689999999999998,-71.065001148295124,42.361537330952245,5.000000000000000,4,WEST END LIBRARY ,151 CAMBRIDGE STREET,"151 Cambridge Street, Boston, Massachusetts, 02114",BOSTON,MA,02114,VOTE IN COMMUNITY ROOM,,POINT (-71.065001147999965 42.361537331000079),-71.065001147999965,42.361537331000079
62,M,100.000000000000000,-71.096940893259344,42.344659656446737,5.000000000000000,12,FENWAY COMMUNITY CENTER ,1282 BOYLSTON STREET,"1282 Boylston Street, #12, Boston, Massachusetts, 02215",BOSTON,MA,02215,VOTE IN COMMUNITY ROOM,VOTERS ENTER FROM JERSEY STREET,POINT (-71.096940892999953 42.344659656000033),-71.096940892999953,42.344659656000033
63,M,99.430000000000007,-71.070911228224134,42.357857340182107,5.000000000000000,11,HILL HOUSE COMMUNITY CENTER ,127 MOUNT VERNON STREET,"127 Mount Vernon Street, Boston, Massachusetts, 02108",BOSTON,MA,02108,VOTE IN COMMUNITY ROOM (INSIDE FIRE DOORS),,POINT (-71.070911227999943 42.357857340000066),-71.070911227999943,42.357857340000066
64,M,99.349999999999994,-71.071388158514807,42.344716360021721,5.000000000000000,13,CYCLORAMA , 539 TREMONT STREET,"539 Tremont Street, Boston, Massachusetts, 02116",BOSTON,MA,02116,,HP ENTRANCE TO THE RIGHT OF THE MAIN ENTRANCE,POINT (-71.07138815899998 42.344716360000064),-71.071388158999980,42.344716360000064
65,M,99.349999999999994,-71.071388158514807,42.344716360021721,5.000000000000000,14,CYCLORAMA , 539 TREMONT STREET,"539 Tremont Street, Boston, Massachusetts, 02116",BOSTON,MA,02116,,HP ENTRANCE TO THE RIGHT OF THE MAIN ENTRANCE,POINT (-71.07138815899998 42.344716360000064),-71.071388158999980,42.344716360000064
66,M,99.379999999999995,-71.086391178465632,42.346539340143352,5.000000000000000,15,SAINT CECILIA PARISH , 18 BELVIDERE STREET,"18 Belvidere Street, Boston, Massachusetts, 02115",BOSTON,MA,02115,VOTER ENTRANCEUPSTAIRS ON BELVIDERE STREET HP ENTRANCE GROUND LEVEL GLASS DOORS,,POINT (-71.086391177999985 42.346539340000049),-71.086391177999985,42.346539340000049
67,M,99.579999999999998,-71.052151774546203,42.338034558267339,6.000000000000000,1,JAMES F CONDON ELEMENTARY SCHOOL ,200 D STREET,"200 D Street, South Boston, Massachusetts, 02127",BOSTON,MA,02127,VOTE IN CAFETERIA,,POINT (-71.05215177499997 42.338034558000061),-71.052151774999970,42.338034558000061
68,M,99.579999999999998,-71.052151774546203,42.338034558267339,6.000000000000000,2,JAMES F CONDON ELEMENTARY SCHOOL ,200 D STREET,"200 D Street, South Boston, Massachusetts, 02127",BOSTON,MA,02127,VOTE IN CAFETERIA,,POINT (-71.05215177499997 42.338034558000061),-71.052151774999970,42.338034558000061
69,M,99.579999999999998,-71.052151774546203,42.338034558267339,6.000000000000000,3,JAMES F CONDON ELEMENTARY SCHOOL ,200 D STREET,"200 D Street, South Boston, Massachusetts, 02127",BOSTON,MA,02127,VOTE IN CAFETERIA,,POINT (-71.05215177499997 42.338034558000061),-71.052151774999970,42.338034558000061
70,M,99.310000000000002,-71.097001242962207,42.350347322574976,5.000000000000000,10,BOSTON UNIVERSITY KILACHAND HALL,91 BAY STATE ROAD,"91 Bay State Road, Boston, Massachusetts, 02215",BOSTON,MA,02215,VOTE IN ROOM 101 KILACHAND COMMONS,,POINT (-71.097001242999966 42.350347323000051),-71.097001242999966,42.350347323000051
71,M,99.700000000000003,-71.047312231290761,42.335018833323858,6.000000000000000,4,JULIE'S FAMILY LEARNING PROGRAM ,133 DORCHESTER STREET,"133 Dorchester Street, South Boston, Massachusetts, 02127",BOSTON,MA,02127,VOTE IN MULTIPURPOSE ROOM,VOTERS ENTRANCE AROUND THE CORNER ON WEST FOURTH STREET,POINT (-71.047312230999978 42.335018833000049),-71.047312230999978,42.335018833000049
72,M,99.579999999999998,-71.034891172794104,42.333557322776670,6.000000000000000,6,MONSIGNOR JOHN T POWERS ELDERLY HOUSING ,120 L STREET,"120 L Street, South Boston, Massachusetts, 02127",BOSTON,MA,02127,VOTE IN HALLWAY,VOTERS USE MAIN ENTRANCE,POINT (-71.034891172999949 42.333557323000036),-71.034891172999949,42.333557323000036
73,M,99.659999999999997,-71.038715164660815,42.335793279267762,6.000000000000000,5,SOUTH BOSTON LIBRARY ,646 EAST BROADWAY,"646 East Broadway, South Boston, Massachusetts, 02127",BOSTON,MA,02127,VOTE IN MEETING ROOM,,POINT (-71.038715164999985 42.335793279000029),-71.038715164999985,42.335793279000029
74,M,99.579999999999998,-71.034891172794104,42.333557322776670,6.000000000000000,8,MONSIGNOR JOHN T POWERS ELDERLY HOUSING ,120 L STREET,"120 L Street, South Boston, Massachusetts, 02127",BOSTON,MA,02127,VOTE IN COMMUNITY ROOM,VOTER ENTRANCE USE DOOR CLOSEST TO EAST FIFTH STREET,POINT (-71.034891172999949 42.333557323000036),-71.034891172999949,42.333557323000036
75,M,99.659999999999997,-71.038715164660815,42.335793279267762,6.000000000000000,7,SOUTH BOSTON LIBRARY ,646 EAST BROADWAY,"646 East Broadway, South Boston, Massachusetts, 02127",BOSTON,MA,02127,VOTE IN MEETING ROOM,,POINT (-71.038715164999985 42.335793279000029),-71.038715164999985,42.335793279000029
76,M,99.579999999999998,-71.034891172794104,42.333557322776670,6.000000000000000,9,MONSIGNOR JOHN T POWERS ELDERLY HOUSING ,120 L STREET,"120 L Street, South Boston, Massachusetts, 02127",BOSTON,MA,02127,VOTE IN COMMUNITY ROOM,VOTER ENTRANCE USE DOOR CLOSEST TO EAST FIFTH STREET,POINT (-71.034891172999949 42.333557323000036),-71.034891172999949,42.333557323000036
77,M,99.290000000000006,-71.045370395782115,42.352253828361739,6.000000000000000,11,DISTRICT HALL , 75 NORTHERN AVE,"75 Northern Avenue, Boston, Massachusetts, 02210",BOSTON,MA,02210,,,POINT (-71.045370395999953 42.352253828000073),-71.045370395999953,42.352253828000073
78,M,99.409999999999997,-71.053635790503421,42.342945305790266,6.000000000000000,10,ARTISTS FOR HUMANITY ,100 WEST SECOND STREET,"100 West Second Street, South Boston, Massachusetts, 02127",BOSTON,MA,02127,,,POINT (-71.053635790999977 42.342945306000047),-71.053635790999977,42.342945306000047
79,M,100.000000000000000,-71.041771206558579,42.330877334964867,7.000000000000000,3,FOLEY APARTMENTS ,199 H STREET,"199 H Street, #3, South Boston, Massachusetts, 02127",BOSTON,MA,02127,VOTE IN COMMUNITY ROOM,,POINT (-71.041771206999954 42.330877335000025),-71.041771206999954,42.330877335000025
80,M,99.700000000000003,-71.038508802204632,42.334904168888414,7.000000000000000,1,DR JOSEPH P TYNAN SCHOOL,650 EAST FOURTH STREET,"650 East Fourth Street, South Boston, Massachusetts, 02127",BOSTON,MA,02127,VOTE IN CAFETERIA,,POINT (-71.038508801999967 42.334904169000026),-71.038508801999967,42.334904169000026
81,M,98.799999999999997,-71.045370395782115,42.352253828361739,6.000000000000000,12,DISTRICT HALL , 75 NORTHERN AVE,"75 Northern Avenue, Boston, Massachusetts, 02210",BOSTON,MA,02110,,,POINT (-71.045370395999953 42.352253828000073),-71.045370395999953,42.352253828000073
82,M,99.700000000000003,-71.038508802204632,42.334904168888414,7.000000000000000,2,DR JOSEPH P TYNAN SCHOOL,650 EAST FOURTH STREET,"650 East Fourth Street, South Boston, Massachusetts, 02127",BOSTON,MA,02127,VOTE IN CAFETERIA,,POINT (-71.038508801999967 42.334904169000026),-71.038508801999967,42.334904169000026
83,M,99.700000000000003,-71.050430215452991,42.333582384667153,7.000000000000000,4,UP ACADEMY (FORMERLY KNOWN AS GAVIN EDUCATION COMPLEX) ,215 DORCHESTER STREET,"215 Dorchester Street, South Boston, Massachusetts, 02127",BOSTON,MA,02127,VOTE IN ROOM 22,VOTER ENTRANCE RIGHT SIDE OF PARKING LOT ON WEST SEVENTH STREET,POINT (-71.050430214999949 42.333582385000057),-71.050430214999949,42.333582385000057
84,M,99.689999999999998,-71.052911174973900,42.328797323782368,7.000000000000000,6,MARY ELLEN MCCORMACK TASK FORCE OFFICE,345 OLD COLONY AVENUE,"345 Old Colony Avenue, South Boston, Massachusetts, 02127",BOSTON,MA,02127,,VOTER ENTRANCE DEVINE WAY,POINT (-71.052911174999963 42.32879732400005),-71.052911174999963,42.328797324000050
85,M,99.689999999999998,-71.053017876601317,42.332973062215814,7.000000000000000,5,WEST NINTH STREET ELDERLY COMMUNITY ROOM ,185 WEST NINTH STREET,"185 West Ninth Street, South Boston, Massachusetts, 02127",BOSTON,MA,02127,VOTE IN COMMUNITY ROOM,HP ENTRANCE REAR OF BUILDING,POINT (-71.053017876999945 42.332973062000065),-71.053017876999945,42.332973062000065
86,M,99.689999999999998,-71.052911174973900,42.328797323782368,7.000000000000000,7,MARY ELLEN MCCORMACK TASK FORCE OFFICE,345 OLD COLONY AVENUE,"345 Old Colony Avenue, South Boston, Massachusetts, 02127",BOSTON,MA,02127,,VOTER ENTRANCE DEVINE WAY,POINT (-71.052911174999963 42.32879732400005),-71.052911174999963,42.328797324000050
87,M,99.689999999999998,-71.058871211045826,42.324267324211206,7.000000000000000,8,BELLFLOWER APARTMENTS ,24 BELLFLOWER STREET,"24 Bellflower Street, Dorchester, Massachusetts, 02125",BOSTON,MA,02125,VOTE IN COMMUNITY ROOM,VOTER ENTRANCE DORSET STREET HP USE MAIN ENTRANCE,POINT (-71.058871210999939 42.324267324000061),-71.058871210999939,42.324267324000061
88,M,99.689999999999998,-71.058871211045826,42.324267324211206,7.000000000000000,9,BELLFLOWER APARTMENTS ,24 BELLFLOWER STREET,"24 Bellflower Street, Dorchester, Massachusetts, 02125",BOSTON,MA,02125,VOTE IN COMMUNITY ROOM,VOTER ENTRANCE DORSET STREET HP USE MAIN ENTRANCE,POINT (-71.058871210999939 42.324267324000061),-71.058871210999939,42.324267324000061
89,M,99.709999999999994,-71.068829368128462,42.341591992903432,8.000000000000000,1,CATHEDRAL HIGH SCHOOL GYMNASIUM ,1336 WASHINGTON STREET,"1336 Washington St, Boston, Massachusetts, 02118",BOSTON,MA,02118,,VOTER ENTRANCE RIGHT SIDE OF BUILDING ON UNION PARK STREET,POINT (-71.068829367999967 42.341591993000065),-71.068829367999967,42.341591993000065
90,M,99.659999999999997,-71.076708068641238,42.326819404180554,8.000000000000000,3,VINE STREET COMMUNITY CENTER ,339 DUDLEY STREET,"339 Dudley Street, Roxbury, Massachusetts, 02119",BOSTON,MA,02119,VOTE IN COMMUNITY ROOM,HP ENTRANCE ELEVATOR TO RIGHT OF MAIN ENTRANCE,POINT (-71.076708068999949 42.326819404000048),-71.076708068999949,42.326819404000048
91,M,100.000000000000000,-71.067171223027245,42.315267339495591,7.000000000000000,10,UPHAMS CROSSING ,530 COLUMBIA ROAD,"530 Columbia Road, #10, Dorchester, Massachusetts, 02125",BOSTON,MA,02125,VOTE IN COMMUNITY ROOM,VOTERS ENTER FROM DOOR AT THE CORNER OF DAVERNS AVENUE AND COLUMBIA ROAD,POINT (-71.067171222999946 42.315267339000059),-71.067171222999946,42.315267339000059
92,M,99.709999999999994,-71.068829368128462,42.341591992903432,8.000000000000000,2,CATHEDRAL HIGH SCHOOL GYMNASIUM ,1336 WASHINGTON STREET,"1336 Washington St, Boston, Massachusetts, 02118",BOSTON,MA,02118,,VOTER ENTRANCE RIGHT SIDE OF BUILDING ON UNION PARK STREET,POINT (-71.068829367999967 42.341591993000065),-71.068829367999967,42.341591993000065
93,M,99.659999999999997,-71.078529540020284,42.329908428867299,8.000000000000000,4,ORCHARD GARDENS COMMUNITY CENTER ,2 DEARBORN STREET,"2 Dearborn Street, Roxbury, Massachusetts, 02119",BOSTON,MA,02119,VOTE IN GYMNASIUM,,POINT (-71.078529539999977 42.329908429000056),-71.078529539999977,42.329908429000056
94,M,99.659999999999997,-71.078529540020284,42.329908428867299,8.000000000000000,6,ORCHARD GARDENS COMMUNITY CENTER ,2 DEARBORN STREET,"2 Dearborn Street, Roxbury, Massachusetts, 02119",BOSTON,MA,02119,VOTE IN GYMNASIUM,,POINT (-71.078529539999977 42.329908429000056),-71.078529539999977,42.329908429000056
95,M,99.640000000000001,-71.072860188350475,42.341179322610230,9.000000000000000,1,YOUTH DEVELOPMENT PROGRAM , 2 SAN JUAN STREET,"2 San Juan Street, Boston, Massachusetts, 02118",BOSTON,MA,02118,,,POINT (-71.072860187999936 42.341179323000063),-71.072860187999936,42.341179323000063
96,M,99.709999999999994,-71.076211189420988,42.337457338505175,9.000000000000000,2,WASHINGTON MANOR APARTMENTS ,1701 WASHINGTON STREET,"1701 Washington Street, Boston, Massachusetts, 02118",BOSTON,MA,02118,VOTE IN THE COMMUNITY ROOM,,POINT (-71.076211188999935 42.337457339000025),-71.076211188999935,42.337457339000025
97,M,99.150000000000006,-71.069647991596554,42.319327910579432,8.000000000000000,5,THE SALVATION ARMY RAY & JOAN KROC COMMUNITY CENTER ,650 DUDLEY STREET,"650 Dudley Street, Dorchester, Massachusetts, 02125",BOSTON,MA,02119,VOTE IN ROOM W101  VILLAGE HALL 1 AND 2,,POINT (-71.069647991999943 42.319327911000073),-71.069647991999943,42.319327911000073
98,M,100.000000000000000,-71.078901193607081,42.335327329270228,9.000000000000000,3,MANDELA HOMES , 1855 WASHINGTON STREET,"1855 Washington Street, #3, Boston, Massachusetts, 02118",BOSTON,MA,02118,,VOTER ENTRANCE REAR PARKING LOT,POINT (-71.078901193999968 42.335327329000052),-71.078901193999968,42.335327329000052
99,M,99.680000000000007,-71.088952939533144,42.335379841893626,9.000000000000000,7,NORTHEASTERN CROSSING , 1155 TREMONT STREET,"1155 Tremont Street, Roxbury Crossing, Massachusetts, 02120",BOSTON,MA,02120,,,POINT (-71.088952939999956 42.335379842000066),-71.088952939999956,42.335379842000066
100,M,99.680000000000007,-71.091121170246566,42.329707347010128,9.000000000000000,5,MARCUS GARVEY GARDENS ,44 JOHN ELIOT SQUARE,"44 John Eliot Square, Roxbury, Massachusetts, 02119",BOSTON,MA,02119,VOTE IN THE COMMUNITY ROOM,VOTER ENTRANCE REAR PARKING LOT,POINT (-71.091121169999951 42.329707347000067),-71.091121169999951,42.329707347000067
101,M,99.709999999999994,-71.078181188124319,42.336747349396688,9.000000000000000,6,HAMPTON HOUSE ,155 NORTHAMPTON STREET,"155 Northampton Street, Boston, Massachusetts, 02118",BOSTON,MA,02118,VOTE IN THE COMMUNITY ROOM,,POINT (-71.078181187999974 42.336747349000063),-71.078181187999974,42.336747349000063
102,M,99.140000000000001,-71.084681773132033,42.332816278716933,9.000000000000000,4,DEWITT CENTER ,122 DEWITT DRIVE,"122 Dewitt Drive, Roxbury Crossing, Massachusetts, 02120",BOSTON,MA,02119,VOTE IN THE GYMNASIUM,VOTER ENTRANCE REAR OF BUILDING THROUGH THE PARKING LOT,POINT (-71.084681772999943 42.332816279000042),-71.084681772999943,42.332816279000042
103,M,99.680000000000007,-71.098141181794063,42.332227324290301,10.000000000000000,3,TOBIN MUNICIPAL BUILDING ,1481 TREMONT STREET,"1481 Tremont Street, Roxbury Crossing, Massachusetts, 02120",BOSTON,MA,02120,VOTE IN DOWNSTAIRS COMMUNITY ROOM,VOTER ENTRANCE RIGHT SIDE OF BUILDING,POINT (-71.098141181999949 42.33222732400003),-71.098141181999949,42.332227324000030
104,M,97.140000000000001,-71.088929999999948,42.343815000000063,10.000000000000000,4,ROBERT AND THERESA PARKS COMMUNITY BUILDING,,"02115, Boston, Massachusetts",BOSTON,MA,02115,VOTE IN COMMUNITY ROOM ON FIRST FLOOR,VOTER ENTRANCE 2 NEW WHITNEY STREET,POINT (-71.088929999999948 42.343815000000063),-71.088929999999948,42.343815000000063
105,M,99.680000000000007,-71.098141181794063,42.332227324290301,10.000000000000000,5,TOBIN MUNICIPAL BUILDING ,1481 TREMONT STREET,"1481 Tremont Street, Roxbury Crossing, Massachusetts, 02120",BOSTON,MA,02120,VOTE IN DOWNSTAIRS COMMUNITY ROOM,VOTER ENTRANCE RIGHT SIDE OF BUILDING,POINT (-71.098141181999949 42.33222732400003),-71.098141181999949,42.332227324000030
106,M,99.640000000000001,-71.105839959860702,42.321793992222183,10.000000000000000,6,JOHN F KENNEDY ELEMENTARY SCHOOL ,7 BOLSTER STREET,"7 Bolster Street, Jamaica Plain, Massachusetts, 02130",BOSTON,MA,02130,VOTE ON AUDITORIUM STAGE,VOTER ENTRANCE WYMAN STREET,POINT (-71.105839959999969 42.321793992000039),-71.105839959999969,42.321793992000039
107,M,99.120000000000005,-71.098650969145197,42.333980734615579,10.000000000000000,1,MISSION MAIN COMMUNITY CENTER ,43 SMITH STREET,"43 Smith Street, Roxbury Crossing, Massachusetts, 02120",BOSTON,MA,02119,VOTE IN COMMUNITY ROOM,,POINT (-71.098650968999948 42.333980735000068),-71.098650968999948,42.333980735000068
108,M,99.120000000000005,-71.098650969145197,42.333980734615579,10.000000000000000,2,MISSION MAIN COMMUNITY CENTER ,43 SMITH STREET,"43 Smith Street, Roxbury Crossing, Massachusetts, 02120",BOSTON,MA,02119,VOTE IN COMMUNITY ROOM,,POINT (-71.098650968999948 42.333980735000068),-71.098650968999948,42.333980735000068
109,M,99.670000000000002,-71.101839193656033,42.323929323965643,10.000000000000000,7,JULIA MARTIN HOUSE , 90 BICKFORD STREET,"90 Bickford Street, Jamaica Plain, Massachusetts, 02130",BOSTON,MA,02130,VOTE IN COMMUNITY ROOM,,POINT (-71.101839193999979 42.323929324000062),-71.101839193999979,42.323929324000062
110,M,100.000000000000000,-71.094571748326800,42.330845777099427,11.000000000000000,1,ROXBURY COMMUNITY COLLEGE , 1234 COLUMBUS AVENUE,"1234 Columbus Avenue, Bldg 1, Roxbury Crossing, Massachusetts, 02120",BOSTON,MA,02120,VOTE IN STUDENT LOUNGE 103,VOTER ENTRANCE CORNER OF CEDAR STREET AND COLUMBUS AVENUE BUILDING 4 1ST FLOOR LOBBY,POINT (-71.094571747999964 42.330845777000036),-71.094571747999964,42.330845777000036
111,M,99.659999999999997,-71.112951250333779,42.318517338632859,10.000000000000000,9,CURLEY K8 (FORMERLY KNOWN AS MARY E CURLEY SCHOOL),493 CENTRE STREET,"493 Centre Street, Jamaica Plain, Massachusetts, 02130",BOSTON,MA,02130,VOTE IN CAFETERIA,VOTER ENTRANCE THROUGH DRIVEWAY ON PERSHING ROAD,POINT (-71.112951249999981 42.318517339000039),-71.112951249999981,42.318517339000039
112,M,99.739999999999995,-71.110421172860271,42.329327311520160,10.000000000000000,8,BACK OF THE HILL APARTMENTS ,100 SOUTH HUNTINGTON AVENUE,"100 South Huntington Avenue, Jamaica Plain, Massachusetts, 02130",BOSTON,MA,02130,VOTE IN COMMUNITY ROOM,,POINT (-71.110421172999963 42.329327312000032),-71.110421172999963,42.329327312000032
113,M,99.709999999999994,-71.090165130370380,42.322442416251846,11.000000000000000,2,SHELBURNE CENTER ,2730 WASHINGTON STREET,"2730 Washington Street, Roxbury, Massachusetts, 02119",BOSTON,MA,02119,VOTE IN COMMUNITY ROOM,,POINT (-71.090165129999946 42.322442416000058),-71.090165129999946,42.322442416000058
114,M,99.659999999999997,-71.086310125461921,42.320957017280620,11.000000000000000,3,HIGGINSON/LEWIS K8 SCHOOL ,131 WALNUT AVENUE,"131 Walnut Avenue, Roxbury, Massachusetts, 02119",BOSTON,MA,02119,VOTE IN GYMNASIUM,VOTER ENTRANCE GYMNASIUM DOOR AT THE CORNER OF HUMBOLDT AVENUE AND WALNUT AVENUE ACROSS THE STREET FROM THE ELIOT CHURCH OF ROXBURY,POINT (-71.086310124999954 42.320957017000069),-71.086310124999954,42.320957017000069
115,M,99.640000000000001,-71.100201202137484,42.319097324423069,11.000000000000000,4,WORD OF LIFE TABERNACLE CHURCH ,120 AMORY STREET,"120 Amory Street, Roxbury, Massachusetts, 02119",BOSTON,MA,02119,VOTE IN BISHOP SAMUEL A DARDEN HALL,VOTER ENTRANCE LEFT SIDE OF BUILDING FROM BRAGDON STREET,POINT (-71.100201201999937 42.31909732400004),-71.100201201999937,42.319097324000040
116,M,100.000000000000000,-71.097201235171966,42.315337328387102,11.000000000000000,5,WALNUT PARK APARTMENTS ,1990 COLUMBUS AVENUE,"1990 Columbus Avenue, #5, Roxbury, Massachusetts, 02119",BOSTON,MA,02119,VOTE IN COMMUNITY ROOM,,POINT (-71.097201234999943 42.315337328000055),-71.097201234999943,42.315337328000055
117,M,99.670000000000002,-71.109601171272615,42.306017322608284,11.000000000000000,7,BOSTON ENGLISH HIGH SCHOOL ,144 MCBRIDE STREET,"144 McBride Street, Jamaica Plain, Massachusetts, 02130",BOSTON,MA,02130,VOTE ON AUDITORIUM STAGE,VOTER ENTRANCE WILLIAMS STREET SIDE DOOR,POINT (-71.109601170999952 42.306017323000049),-71.109601170999952,42.306017323000049
118,M,99.670000000000002,-71.109601171272615,42.306017322608284,11.000000000000000,8,BOSTON ENGLISH HIGH SCHOOL ,144 MCBRIDE STREET,"144 McBride Street, Jamaica Plain, Massachusetts, 02130",BOSTON,MA,02130,VOTE ON AUDITORIUM STAGE,VOTER ENTRANCE WILLIAMS STREET SIDE DOOR,POINT (-71.109601170999952 42.306017323000049),-71.109601170999952,42.306017323000049
119,M,99.659999999999997,-71.083801170384419,42.326807334239959,12.000000000000000,1,BOYS AND GIRLS CLUB OF BOSTON  YAWKEY CLUB OF ROXBURY,115 WARREN STREET,"115 Warren Street, Roxbury, Massachusetts, 02119",BOSTON,MA,02119,VOTE IN WHITLOCK PERFORMING ARTS CENTER,,POINT (-71.083801169999958 42.32680733400008),-71.083801169999958,42.326807334000080
120,M,99.569999999999993,-71.114291181375407,42.307277332203114,11.000000000000000,9,MARGARITA MUNIZ ACADEMY (FORMERLY LOUIS AGASSIZ ELEMENTARY SCHOOL),20 CHILD ST,"20 Child Street, Jamaica Plain, Massachusetts, 02130",BOSTON,MA,02130,VOTE IN GYMNASIUM,VOTER ENTRANCE GYMNASIUM DOOR TO THE RIGHT OF MAIN ENTRANCE,POINT (-71.114291180999942 42.307277332000069),-71.114291180999942,42.307277332000069
121,M,99.709999999999994,-71.103661167949284,42.310827319655033,11.000000000000000,6,BROOKSIDE FAMILY LIFE CENTER ,3297 WASHINGTON STREET,"3297 Washington Street, Jamaica Plain, Massachusetts, 02130",BOSTON,MA,02130,VOTE IN COMMUNITY ROOM,,POINT (-71.103661167999974 42.310827320000044),-71.103661167999974,42.310827320000044
122,M,99.170000000000002,-71.114291181375407,42.307277332203114,11.000000000000000,10,MARGARITA MUNIZ ACADEMY (FORMERLY LOUIS AGASSIZ ELEMENTARY SCHOOL),20 CHILD ST,"20 Child Street, Jamaica Plain, Massachusetts, 02130",BOSTON,MA,02130,VOTE IN GYMNASIUM,VOTER ENTRANCE GYMNASIUM DOOR TO THE RIGHT OF MAIN ENTRANCE,POINT (-71.114291180999942 42.307277332000069),-71.114291180999942,42.307277332000069
123,M,99.659999999999997,-71.083801170384419,42.326807334239959,12.000000000000000,4,BOYS AND GIRLS CLUB OF BOSTON  YAWKEY CLUB OF ROXBURY,115 WARREN STREET,"115 Warren Street, Roxbury, Massachusetts, 02119",BOSTON,MA,02119,VOTE IN WHITLOCK PERFORMING ARTS CENTER,,POINT (-71.083801169999958 42.32680733400008),-71.083801169999958,42.326807334000080
124,M,99.659999999999997,-71.086310125461921,42.320957017280620,12.000000000000000,3,HIGGINSON/LEWIS K8 SCHOOL ,131 WALNUT AVENUE,"131 Walnut Avenue, Roxbury, Massachusetts, 02119",BOSTON,MA,02119,VOTE IN GYMNASIUM,VOTER ENTRANCE GYMNASIUM DOOR AT THE CORNER OF HUMBOLDT AVENUE AND WALNUT AVENUE ACROSS THE STREET FROM THE ELIOT CHURCH OF ROXBURY,POINT (-71.086310124999954 42.320957017000069),-71.086310124999954,42.320957017000069
125,M,99.670000000000002,-71.089021168224988,42.308077342951719,12.000000000000000,7,HOLGATE APARTMENTS ,129 ELM HILL AVENUE,"129 Elm Hill Avenue, Dorchester, Massachusetts, 02121",BOSTON,MA,02121,VOTE IN LOUNGE,,POINT (-71.089021167999988 42.308077343000036),-71.089021167999988,42.308077343000036
126,M,99.680000000000007,-71.078781164753622,42.315126355884189,12.000000000000000,6,REVEREND DR MICHAEL E HAYNES EARLY EDUCATION CENTER ,263 BLUE HILL AVENUE,"263 Blue Hill Avenue, Roxbury, Massachusetts, 02119",BOSTON,MA,02119,VOTE IN CAFETERIA,,POINT (-71.078781164999953 42.315126356000064),-71.078781164999953,42.315126356000064
127,M,100.000000000000000,-71.083311164324783,42.318777345269353,12.000000000000000,2,DR MARTIN LUTHER KING JR TOWERS ,280 MARTIN L KING BOULEVARD,"280 Martin Luther King Jr Boulevard, #2, Roxbury, Massachusetts, 02119",BOSTON,MA,02119,VOTE IN COMMUNITY ROOM,,POINT (-71.083311163999952 42.318777345000058),-71.083311163999952,42.318777345000058
128,M,99.659999999999997,-71.086310125461921,42.320957017280620,12.000000000000000,8,HIGGINSON/LEWIS K8 SCHOOL ,131 WALNUT AVENUE,"131 Walnut Avenue, Roxbury, Massachusetts, 02119",BOSTON,MA,02119,VOTE IN GYMNASIUM,VOTER ENTRANCE GYMNASIUM DOOR AT THE CORNER OF HUMBOLDT AVENUE AND WALNUT AVENUE ACROSS THE STREET FROM THE ELIOT CHURCH OF ROXBURY,POINT (-71.086310124999954 42.320957017000069),-71.086310124999954,42.320957017000069
129,M,99.659999999999997,-71.086310125461921,42.320957017280620,12.000000000000000,9,HIGGINSON/LEWIS K8 SCHOOL ,131 WALNUT AVENUE,"131 Walnut Avenue, Roxbury, Massachusetts, 02119",BOSTON,MA,02119,VOTE IN GYMNASIUM,VOTER ENTRANCE GYMNASIUM DOOR AT THE CORNER OF HUMBOLDT AVENUE AND WALNUT AVENUE ACROSS THE STREET FROM THE ELIOT CHURCH OF ROXBURY,POINT (-71.086310124999954 42.320957017000069),-71.086310124999954,42.320957017000069
130,M,100.000000000000000,-71.083311164324783,42.318777345269353,12.000000000000000,5,DR MARTIN LUTHER KING JR TOWERS ,280 MARTIN L KING BOULEVARD,"280 Martin Luther King Jr Boulevard, #5, Roxbury, Massachusetts, 02119",BOSTON,MA,02119,VOTE IN COMMUNITY ROOM,,POINT (-71.083311163999952 42.318777345000058),-71.083311163999952,42.318777345000058
131,M,99.680000000000007,-71.075627222226757,42.318211315347924,13.000000000000000,1,JOHN WINTHROP ELEMENTARY SCHOOL ,35 BROOKFORD STREET,"35 Brookford Street, Dorchester, Massachusetts, 02125",BOSTON,MA,02125,VOTE IN JOSEPH JOYCE AUDITORIUM,VOTER ENTRANCE RIGHT SIDE OF BUILDING FROM DANUBE STREET,POINT (-71.07562722199998 42.318211315000042),-71.075627221999980,42.318211315000042
132,M,99.709999999999994,-71.045130840989358,42.319100048541600,13.000000000000000,3,CORCORAN MULLINS JENNISON COMMUNITY BUILDING , 270 MOUNT VERNON STREET,"270 Mount Vernon Street, Dorchester, Massachusetts, 02125",BOSTON,MA,02125,,VOTE IN PORTLAND HALL 2ND FLOOR,POINT (-71.045130840999946 42.319100049000042),-71.045130840999946,42.319100049000042
133,M,99.680000000000007,-71.075627222226757,42.318211315347924,13.000000000000000,2,JOHN WINTHROP ELEMENTARY SCHOOL ,35 BROOKFORD STREET,"35 Brookford Street, Dorchester, Massachusetts, 02125",BOSTON,MA,02125,VOTE IN JOSEPH JOYCE AUDITORIUM,VOTER ENTRANCE RIGHT SIDE OF BUILDING FROM DANUBE STREET,POINT (-71.07562722199998 42.318211315000042),-71.075627221999980,42.318211315000042
134,M,99.659999999999997,-71.075407364906468,42.309065653155130,13.000000000000000,4,LILLA G FREDERICK PILOT MIDDLE SCHOOL ,270 COLUMBIA ROAD,"270 Columbia Road, Dorchester, Massachusetts, 02121",BOSTON,MA,02121,VOTE IN GYMNASIUM,VOTER ENTRANCE LEFT SIDE OF SCHOOL,POINT (-71.075407364999933 42.309065653000062),-71.075407364999933,42.309065653000062
135,M,99.680000000000007,-71.061339262435837,42.317787777780467,13.000000000000000,6,ANNAPOLIS APARTMENTS ,8A ANNAPOLIS STREET,"8A Annapolis Street, Dorchester, Massachusetts, 02125",BOSTON,MA,02125,VOTE IN COMMUNITY ROOM VOTER ENTRANCE ANNAPOLIS COURT YARD,HP ENTRANCE REAR OF BUILDING,POINT (-71.061339261999933 42.317787778000024),-71.061339261999933,42.317787778000024
136,M,99.700000000000003,-71.057041190125531,42.319387338272946,13.000000000000000,7,CATHERINE F CLARK APARTMENTS ,915 DORCHESTER AVENUE,"915 Dorchester Avenue, Dorchester, Massachusetts, 02125",BOSTON,MA,02125,VOTE IN COMMUNITY ROOM,,POINT (-71.05704118999995 42.31938733800007),-71.057041189999950,42.319387338000070
137,M,99.700000000000003,-71.057041190125531,42.319387338272946,13.000000000000000,8,CATHERINE F CLARK APARTMENTS ,915 DORCHESTER AVENUE,"915 Dorchester Avenue, Dorchester, Massachusetts, 02125",BOSTON,MA,02125,VOTE IN COMMUNITY ROOM,,POINT (-71.05704118999995 42.31938733800007),-71.057041189999950,42.319387338000070
138,M,100.000000000000000,-71.067171223027245,42.315267339495591,13.000000000000000,5,UPHAMS CROSSING ,530 COLUMBIA ROAD,"530 Columbia Road, #5, Dorchester, Massachusetts, 02125",BOSTON,MA,02125,VOTE IN MEETING ROOM,VOTERS ENTER FROM DOOR AT THE CORNER OF DAVERNS AVENUE AND COLUMBIA ROAD,POINT (-71.067171222999946 42.315267339000059),-71.067171222999946,42.315267339000059
139,M,99.670000000000002,-71.059770337799463,42.313696277473923,13.000000000000000,9,EDWARD EVERETT ELEMENTARY SCHOOL ,71 PLEASANT STREET,"71 Pleasant Street, Dorchester, Massachusetts, 02125",BOSTON,MA,02125,VOTE IN ART ROOM ON MAIN FLOOR,VOTER ENTRANCE FROM LEFT SIDE SCHOOL YARD,POINT (-71.059770337999964 42.313696277000076),-71.059770337999964,42.313696277000076
140,M,99.670000000000002,-71.080212207082752,42.296975302648264,14.000000000000000,2,SARAH GREENWOOD SCHOOL ,186 GLENWAY STREET,"186 Glenway Street, Dorchester, Massachusetts, 02121",BOSTON,MA,02121,VOTE IN ART ROOM,VOTER ENTRANCE REAR SCHOOL YARD,POINT (-71.080212206999988 42.296975303000067),-71.080212206999988,42.296975303000067
141,M,99.659999999999997,-71.075407364906468,42.309065653155130,14.000000000000000,1,LILLA G FREDERICK PILOT MIDDLE SCHOOL ,270 COLUMBIA ROAD,"270 Columbia Road, Dorchester, Massachusetts, 02121",BOSTON,MA,02121,VOTE IN GYMNASIUM,VOTER ENTRANCE LEFT SIDE OF SCHOOL,POINT (-71.075407364999933 42.309065653000062),-71.075407364999933,42.309065653000062
142,M,99.390000000000001,-71.054041139340981,42.312147343676600,13.000000000000000,10,CRISTO REY BOSTON HIGH SCHOOL ,100 SAVIN HILL AVENUE,"100 Savin Hill Avenue, Dorchester, Massachusetts, 02125",BOSTON,MA,02125,VOTE IN LIBRARY,HP ENTRANCE RAMP RIGHT SIDE OF BUILDING,POINT (-71.054041138999935 42.312147344000039),-71.054041138999935,42.312147344000039
143,M,99.670000000000002,-71.086840951390030,42.282129611020025,14.000000000000000,5,PAULINE AGASSIZ SHAW SCHOOL ,429 NORFOLK STREET,"429 Norfolk Street, Dorchester Center, Massachusetts, 02124",BOSTON,MA,02124,VOTE IN LARGE CAFETERIA,VOTER ENTRANCE REAR DOOR ON MORTON STREET,POINT (-71.086840950999942 42.282129611000073),-71.086840950999942,42.282129611000073
144,M,99.659999999999997,-71.075407364906468,42.309065653155130,14.000000000000000,3,LILLA G FREDERICK PILOT MIDDLE SCHOOL ,270 COLUMBIA ROAD,"270 Columbia Road, Dorchester, Massachusetts, 02121",BOSTON,MA,02121,VOTE IN GYMNASIUM,VOTER ENTRANCE LEFT SIDE OF SCHOOL,POINT (-71.075407364999933 42.309065653000062),-71.075407364999933,42.309065653000062
145,M,99.659999999999997,-71.075407364906468,42.309065653155130,14.000000000000000,4,LILLA G FREDERICK PILOT MIDDLE SCHOOL ,270 COLUMBIA ROAD,"270 Columbia Road, Dorchester, Massachusetts, 02121",BOSTON,MA,02121,VOTE IN GYMNASIUM,VOTER ENTRANCE LEFT SIDE OF SCHOOL,POINT (-71.075407364999933 42.309065653000062),-71.075407364999933,42.309065653000062
146,M,99.659999999999997,-71.080518398005751,42.292033751631180,14.000000000000000,7,JOSEPH LEE SCHOOL ,155 TALBOT AVENUE,"155 Talbot Avenue, Dorchester Center, Massachusetts, 02124",BOSTON,MA,02124,VOTE IN AUDITORIUM,,POINT (-71.080518397999981 42.292033752000066),-71.080518397999981,42.292033752000066
147,M,99.640000000000001,-71.086281207895965,42.294127299587302,14.000000000000000,9,BOYS & GIRLS CLUB ,15 TALBOT AVENUE,"15 Talbot Avenue, Dorchester Center, Massachusetts, 02124",BOSTON,MA,02124,VOTE IN LOBBY,,POINT (-71.086281207999946 42.294127300000071),-71.086281207999946,42.294127300000071
148,M,99.290000000000006,-71.082767597903853,42.290215423465810,14.000000000000000,10,FRANKLIN FIELD ELDERLY COMMUNITY ROOM ,100 AMES STREET,"100 Ames Street, Dorchester Center, Massachusetts, 02124",BOSTON,MA,02124,VOTE IN TENANTS ASSOCIATION MEETING ROOM,,POINT (-71.082767597999975 42.290215423000063),-71.082767597999975,42.290215423000063
149,M,97.480000000000004,-71.085381326771056,42.301305771014341,14.000000000000000,6,ENDICOTT SCHOOL   (FORMERLY KNOWN AS JOHN MARSHALL ELEMENTARY SCHOOL) ,2 MCCLELLAN STREET,"2 McLellan Street, Dorchester, Massachusetts, 02121",BOSTON,MA,02121,VOTE IN BASEMENT HALLWAY,HP ENTRANCE RAMP REAR PARKING LOT,POINT (-71.085381326999936 42.301305771000045),-71.085381326999936,42.301305771000045
150,M,99.689999999999998,-71.092425310561637,42.282289831099234,14.000000000000000,8,MORNING STAR BAPTIST CHURCH ,1257 BLUE HILL AVENUE,"1257 Blue Hill Avenue, Mattapan, Massachusetts, 02126",BOSTON,MA,02126,VOTE IN FELLOWSHIP HALL,,POINT (-71.092425310999943 42.282289831000071),-71.092425310999943,42.282289831000071
151,M,99.390000000000001,-71.092425310561637,42.282289831099234,14.000000000000000,11,MORNING STAR BAPTIST CHURCH ,1257 BLUE HILL AVENUE,"1257 Blue Hill Avenue, Mattapan, Massachusetts, 02126",BOSTON,MA,02126,VOTE IN CLASSROOM,,POINT (-71.092425310999943 42.282289831000071),-71.092425310999943,42.282289831000071
152,M,99.390000000000001,-71.092425310561637,42.282289831099234,14.000000000000000,14,MORNING STAR BAPTIST CHURCH ,1257 BLUE HILL AVENUE,"1257 Blue Hill Avenue, Mattapan, Massachusetts, 02126",BOSTON,MA,02126,VOTE IN FELLOWSHIP HALL,,POINT (-71.092425310999943 42.282289831000071),-71.092425310999943,42.282289831000071
153,M,98.849999999999994,-71.086111222899575,42.282577330378160,14.000000000000000,12,METROPOLITAN BAPTIST CHURCH ,393 NORFOLK STREET,"393 Norfolk Street, Dorchester Center, Massachusetts, 02124",BOSTON,MA,02126,VOTE IN WOMACK HALL,VOTER ENTRANCE LEFT SIDE OF THE BUILDING FROM MIDDLETON STREET HP ENTRANCE USE MAIN ENTRANCE ON NORFOLK STREET,POINT (-71.086111222999989 42.282577330000038),-71.086111222999989,42.282577330000038
154,M,98.849999999999994,-71.086111222899575,42.282577330378160,14.000000000000000,13,METROPOLITAN BAPTIST CHURCH ,393 NORFOLK STREET,"393 Norfolk Street, Dorchester Center, Massachusetts, 02124",BOSTON,MA,02126,VOTE IN WOMACK HALL,VOTER ENTRANCE LEFT SIDE OF THE BUILDING FROM MIDDLETON STREET HP ENTRANCE USE MAIN ENTRANCE ON NORFOLK STREET,POINT (-71.086111222999989 42.282577330000038),-71.086111222999989,42.282577330000038
155,M,99.629999999999995,-71.061617373983196,42.307794118443411,15.000000000000000,2,FIRE STATION ,7 PARISH STREET,"7 Parish Street, Dorchester, Massachusetts, 02122",BOSTON,MA,02122,,,POINT (-71.061617373999979 42.307794118000061),-71.061617373999979,42.307794118000061
156,M,99.670000000000002,-71.065072478291142,42.308439818354515,15.000000000000000,4,PASCIUCCO APARTMENTS ,330 BOWDOIN STREET,"330 Bowdoin Street, Dorchester, Massachusetts, 02122",BOSTON,MA,02122,VOTE IN COMMUNITY ROOM,,POINT (-71.065072477999934 42.308439818000068),-71.065072477999934,42.308439818000068
157,M,99.629999999999995,-71.061617373983196,42.307794118443411,15.000000000000000,3,FIRE STATION ,7 PARISH STREET,"7 Parish Street, Dorchester, Massachusetts, 02122",BOSTON,MA,02122,,,POINT (-71.061617373999979 42.307794118000061),-71.061617373999979,42.307794118000061
158,M,99.659999999999997,-71.075407364906468,42.309065653155130,15.000000000000000,1,LILLA G FREDERICK PILOT MIDDLE SCHOOL ,270 COLUMBIA ROAD,"270 Columbia Road, Dorchester, Massachusetts, 02121",BOSTON,MA,02121,VOTE IN GYMNASIUM,VOTER ENTRANCE LEFT SIDE OF SCHOOL,POINT (-71.075407364999933 42.309065653000062),-71.075407364999933,42.309065653000062
159,M,99.680000000000007,-71.056311210177981,42.310067332494100,15.000000000000000,6,SAVIN HILL APARTMENTS ,130 AUCKLAND STREET,"130 Auckland Street, Dorchester, Massachusetts, 02125",BOSTON,MA,02125,VOTE IN COMMUNITY ROOM,VOTER ENTRANCE DEWAR STREET HP ENTRANCE MAIN ENTRANCE,POINT (-71.056311209999933 42.310067332000074),-71.056311209999933,42.310067332000074
160,M,99.629999999999995,-71.071180287316054,42.299785209959282,15.000000000000000,5,UP ACADEMY OF DORCHESTER  (FORMERLY JOHN MARSHALL ELEMENTARY SCHOOL) ,35 WESTVILLE ST,"35 Westville Street, Dorchester Center, Massachusetts, 02124",BOSTON,MA,02124,VOTE IN GYMNASIUM,VOTER ENTRANCE GYMNASIUM DOOR TO LEFT OF MAIN ENTRANCE,POINT (-71.071180286999947 42.299785210000039),-71.071180286999947,42.299785210000039
161,M,99.659999999999997,-71.063541188400023,42.299937341501902,15.000000000000000,8,VIET AID COMMUNITY CENTER ,42 CHARLES STREET,"42 Charles Street, Dorchester, Massachusetts, 02122",BOSTON,MA,02122,VOTE IN COMMUNITY ROOM,,POINT (-71.063541187999988 42.299937342000078),-71.063541187999988,42.299937342000078
162,M,99.659999999999997,-71.063541188400023,42.299937341501902,15.000000000000000,7,VIET AID COMMUNITY CENTER ,42 CHARLES STREET,"42 Charles Street, Dorchester, Massachusetts, 02122",BOSTON,MA,02122,VOTE IN COMMUNITY ROOM,,POINT (-71.063541187999988 42.299937342000078),-71.063541187999988,42.299937342000078
163,M,99.709999999999994,-71.059450232917186,42.304447350234000,15.000000000000000,9,DORCHESTER HOUSE ,1353 DORCHESTER AVENUE,"1353 Dorchester Avenue, Dorchester, Massachusetts, 02122",BOSTON,MA,02122,VOTE IN CAFETERIA,,POINT (-71.05945023299995 42.304447350000032),-71.059450232999950,42.304447350000032
164,M,99.640000000000001,-71.049205032665839,42.294221428359975,16.000000000000000,2,RICHARD J MURPHY SCHOOL ,1 WORRELL STREET,"1 Worrell Street, Dorchester, Massachusetts, 02122",BOSTON,MA,02122,VOTE IN CAFETERIA,VOTER ENTRANCE RIGHT SIDE OF BUILDING  COMMUNITY CENTER,POINT (-71.049205032999964 42.294221428000071),-71.049205032999964,42.294221428000071
165,M,99.329999999999998,-71.064310311835399,42.292254530960804,16.000000000000000,3,SAINT MARK’S SCHOOL HALL , 197 A CENTRE STREET,"197 Centre Street, Dorchester Center, Massachusetts, 02124",BOSTON,MA,02124,VOTE IN AUDITORIUM,VOTER ENTRANCE FROM PARKING LOT ON SAMOSET STREET,POINT (-71.064310311999975 42.292254531000026),-71.064310311999975,42.292254531000026
166,M,99.640000000000001,-71.049205032665839,42.294221428359975,16.000000000000000,5,RICHARD J MURPHY SCHOOL ,1 WORRELL STREET,"1 Worrell Street, Dorchester, Massachusetts, 02122",BOSTON,MA,02122,VOTE IN CAFETERIA,VOTER ENTRANCE RIGHT SIDE OF BUILDING  COMMUNITY CENTER,POINT (-71.049205032999964 42.294221428000071),-71.049205032999964,42.294221428000071
167,M,99.200000000000003,-71.062221206287958,42.293975377592233,16.000000000000000,1,DR WILLIAM W HENDERSON INCLUSION ELEMENTARY SCHOOL (FORMERLY PATRICK O'HEARN SCHOOL) ,1669 DORCHESTER AVENUE,"1669 Dorchester Avenue, Dorchester, Massachusetts, 02122",BOSTON,MA,02124,VOTE IN AUDITORIUM,HP ENTRANCE LEFT SIDE OF BUILDING,POINT (-71.062221205999947 42.293975378000027),-71.062221205999947,42.293975378000027
168,M,99.680000000000007,-71.049300251085910,42.290816154466398,16.000000000000000,7,SAINT JOHN PAUL II CATHOLIC ACADEMY NEPONSET CAMPUS (FORMERLY KNOWN AS SAINT ANN'S SCHOOL),239 NEPONSET AVENUE,"239 Neponset Avenue, Dorchester, Massachusetts, 02122",BOSTON,MA,02122,VOTE IN GYMNASIUM,VOTER ENTRANCE LEFT SIDE OF SCHOOL THROUGH PLAYGROUND,POINT (-71.049300250999977 42.290816154000026),-71.049300250999977,42.290816154000026
169,M,99.200000000000003,-71.062221206287958,42.293975377592233,16.000000000000000,4,DR WILLIAM W HENDERSON INCLUSION ELEMENTARY SCHOOL (FORMERLY PATRICK O'HEARN SCHOOL) ,1669 DORCHESTER AVENUE,"1669 Dorchester Avenue, Dorchester, Massachusetts, 02122",BOSTON,MA,02124,VOTE IN AUDITORIUM,HP ENTRANCE LEFT SIDE OF BUILDING,POINT (-71.062221205999947 42.293975378000027),-71.062221205999947,42.293975378000027
170,M,99.640000000000001,-71.054450679130127,42.286379026382406,16.000000000000000,8,ADAMS STREET BRANCH LIBRARY ,690 ADAMS STREET,"690 Adams Street, Dorchester, Massachusetts, 02122",BOSTON,MA,02122,VOTE IN PATRICIA O'NEILL COMMUNITY ROOM,,POINT (-71.054450678999956 42.286379026000077),-71.054450678999956,42.286379026000077
171,M,99.329999999999998,-71.064310311835399,42.292254530960804,16.000000000000000,6,SAINT MARK’S SCHOOL HALL , 197 A CENTRE STREET,"197 Centre Street, Dorchester Center, Massachusetts, 02124",BOSTON,MA,02124,VOTE IN AUDITORIUM,VOTER ENTRANCE FROM PARKING LOT ON SAMOSET STREET,POINT (-71.064310311999975 42.292254531000026),-71.064310311999975,42.292254531000026
172,M,99.640000000000001,-71.054450679130127,42.286379026382406,16.000000000000000,9,ADAMS STREET BRANCH LIBRARY ,690 ADAMS STREET,"690 Adams Street, Dorchester, Massachusetts, 02122",BOSTON,MA,02122,VOTE IN PATRICIA O'NEILL COMMUNITY ROOM,,POINT (-71.054450678999956 42.286379026000077),-71.054450678999956,42.286379026000077
173,M,99.310000000000002,-71.047659828815455,42.282393599060555,16.000000000000000,11,FLORIAN HALL,55 HALLET STREET,"55 Hallet Street, Dorchester Center, Massachusetts, 02124",BOSTON,MA,02124,VOTE IN BANQUET HALL,,POINT (-71.04765982899994 42.282393599000045),-71.047659828999940,42.282393599000045
174,M,99.379999999999995,-71.049300251085910,42.290816154466398,16.000000000000000,10,SAINT JOHN PAUL II CATHOLIC ACADEMY NEPONSET CAMPUS (FORMERLY KNOWN AS SAINT ANN'S SCHOOL),239 NEPONSET AVENUE,"239 Neponset Avenue, Dorchester, Massachusetts, 02122",BOSTON,MA,02122,VOTE IN GYMNASIUM,VOTER ENTRANCE LEFT SIDE OF SCHOOL THROUGH PLAYGROUND,POINT (-71.049300250999977 42.290816154000026),-71.049300250999977,42.290816154000026
175,M,99.310000000000002,-71.047659828815455,42.282393599060555,16.000000000000000,12,FLORIAN HALL,55 HALLET STREET,"55 Hallet Street, Dorchester Center, Massachusetts, 02124",BOSTON,MA,02124,VOTE IN BANQUET HALL,,POINT (-71.04765982899994 42.282393599000045),-71.047659828999940,42.282393599000045
176,M,99.700000000000003,-71.071861149311005,42.295887331616086,17.000000000000000,1,CODMAN SQUARE TECH CENTER, 450 WASHINGTON STREET,"450 Washington Street, Dorchester Center, Massachusetts, 02124",BOSTON,MA,02124,VOTE IN COMMUNITY ROOM,,POINT (-71.071861148999972 42.295887332000063),-71.071861148999972,42.295887332000063
177,M,99.680000000000007,-71.071180287316054,42.299785209959282,17.000000000000000,2,UP ACADEMY OF DORCHESTER (FORMERLY JOHN MARSHALL ELEMENTARY SCHOOL),35 WESTVILLE STREET,"35 Westville Street, Dorchester Center, Massachusetts, 02124",BOSTON,MA,02124,VOTE IN GYMNASIUM,VOTER ENTRANCE GYMNASIUM DOOR TO LEFT OF MAIN ENTRANCE,POINT (-71.071180286999947 42.299785210000039),-71.071180286999947,42.299785210000039
178,M,99.700000000000003,-71.071861149311005,42.295887331616086,17.000000000000000,3,CODMAN SQUARE TECH CENTER, 450 WASHINGTON STREET,"450 Washington Street, Dorchester Center, Massachusetts, 02124",BOSTON,MA,02124,VOTE IN COMMUNITY ROOM,,POINT (-71.071861148999972 42.295887332000063),-71.071861148999972,42.295887332000063
179,M,99.700000000000003,-71.070867558508581,42.287655087321838,17.000000000000000,5,CODMAN SQUARE BRANCH LIBRARY ,690 WASHINGTON STREET,"690 Washington Street, Dorchester Center, Massachusetts, 02124",BOSTON,MA,02124,VOTE IN MEETING ROOM,,POINT (-71.070867558999964 42.287655087000076),-71.070867558999964,42.287655087000076
180,M,99.640000000000001,-71.091199289584154,42.276063879149063,17.000000000000000,7,MILDRED AVE SCHOOL,5 MILDRED AVENUE,"5 Mildred Avenue, Mattapan, Massachusetts, 02126",BOSTON,MA,02126,VOTE IN GYMNASIUM, VOTER ENTRANCE DOOR B & C TO THE LEFT OF MAIN ENTRANCE,POINT (-71.091199289999963 42.276063879000048),-71.091199289999963,42.276063879000048
181,M,99.680000000000007,-71.069570542811221,42.281270382125513,17.000000000000000,4,HENDERSON UPPER (FORMERLY KNOWN AS WOODROW WILSON MIDDLE SCHOOL) ,18 CROFTLAND AVENUE,"18 Croftland Avenue, Dorchester Center, Massachusetts, 02124",BOSTON,MA,02124,VOTE IN ROOM 116,VOTER ENTRANCE TO THE RIGHT OF MAIN ENTRANCE,POINT (-71.069570542999941 42.281270382000059),-71.069570542999941,42.281270382000059
182,M,99.700000000000003,-71.070867558508581,42.287655087321838,17.000000000000000,6,CODMAN SQUARE BRANCH LIBRARY ,690 WASHINGTON STREET,"690 Washington Street, Dorchester Center, Massachusetts, 02124",BOSTON,MA,02124,VOTE IN MEETING ROOM,,POINT (-71.070867558999964 42.287655087000076),-71.070867558999964,42.287655087000076
183,M,99.700000000000003,-71.070867558508581,42.287655087321838,17.000000000000000,8,CODMAN SQUARE BRANCH LIBRARY ,690 WASHINGTON STREET,"690 Washington Street, Dorchester Center, Massachusetts, 02124",BOSTON,MA,02124,VOTE IN MEETING ROOM,,POINT (-71.070867558999964 42.287655087000076),-71.070867558999964,42.287655087000076
184,M,99.310000000000002,-71.091199289584154,42.276063879149063,17.000000000000000,10,MILDRED AVE SCHOOL,5 MILDRED AVENUE,"5 Mildred Avenue, Mattapan, Massachusetts, 02126",BOSTON,MA,02126,VOTE IN GYMNASIUM, VOTER ENTRANCE DOOR B & C TO THE LEFT OF MAIN ENTRANCE,POINT (-71.091199289999963 42.276063879000048),-71.091199289999963,42.276063879000048
185,M,99.700000000000003,-71.070951209902276,42.284257315231599,17.000000000000000,9,CODMAN SQUARE APARTMENTS ,784 WASHINGTON STREET,"784 Washington Street, Dorchester Center, Massachusetts, 02124",BOSTON,MA,02124,VOTE IN COMMUNITY ROOM,,POINT (-71.070951209999976 42.284257315000048),-71.070951209999976,42.284257315000048
186,M,99.349999999999994,-71.068542921481907,42.273623529949049,17.000000000000000,13,LOWER MILLS LIBRARY ,27 RICHMOND STREET,"27 Richmond Street, Dorchester Center, Massachusetts, 02124",BOSTON,MA,02124,VOTE IN MEETING ROOM,,POINT (-71.06854292099996 42.273623530000066),-71.068542920999960,42.273623530000066
187,M,99.349999999999994,-71.077654968539363,42.277478917113910,17.000000000000000,12,CHARLES H TAYLOR ELEMENTARY SCHOOL ,1060 MORTON STREET,"1060 Morton St, Mattapan, Massachusetts, 02126",BOSTON,MA,02126,VOTE IN ROOM 002,VOTER ENTRANCE REAR SCHOOL YARD,POINT (-71.07765496899998 42.277478917000053),-71.077654968999980,42.277478917000053
188,M,99.349999999999994,-71.068542921481907,42.273623529949049,17.000000000000000,14,LOWER MILLS LIBRARY ,27 RICHMOND STREET,"27 Richmond Street, Dorchester Center, Massachusetts, 02124",BOSTON,MA,02124,VOTE IN MEETING ROOM,,POINT (-71.06854292099996 42.273623530000066),-71.068542920999960,42.273623530000066
189,M,99.640000000000001,-71.091199289584154,42.276063879149063,18.000000000000000,2,MILDRED AVE SCHOOL,5 MILDRED AVENUE,"5 Mildred Avenue, Mattapan, Massachusetts, 02126",BOSTON,MA,02126,VOTE IN GYMNASIUM,VOTER ENTRANCE DOOR B & C TO THE LEFT OF MAIN ENTRANCE,POINT (-71.091199289999963 42.276063879000048),-71.091199289999963,42.276063879000048
190,M,99.659999999999997,-71.103911367759068,42.275843686552633,18.000000000000000,3,MATTAHUNT ELEMENTARY SCHOOL ,100 HEBRON STREET,"100 Hebron Street, Mattapan, Massachusetts, 02126",BOSTON,MA,02126,VOTE IN SMALL GYMNASIUM,,POINT (-71.103911367999956 42.275843687000076),-71.103911367999956,42.275843687000076
191,M,99.379999999999995,-71.069570542811221,42.281270382125513,17.000000000000000,11,HENDERSON UPPER (FORMERLY KNOWN AS WOODROW WILSON MIDDLE SCHOOL) ,18 CROFTLAND AVENUE,"18 Croftland Avenue, Dorchester Center, Massachusetts, 02124",BOSTON,MA,02124,VOTE IN ROOM 116,VOTER ENTRANCE TO THE RIGHT OF MAIN ENTRANCE,POINT (-71.069570542999941 42.281270382000059),-71.069570542999941,42.281270382000059
192,M,99.730000000000004,-71.079818810322607,42.272593121655966,18.000000000000000,1,GROVELAND COMMUNITY ROOM,15 MARY MOORE BEATTY CIRCLE,"15 Mary Moore Beatty Cir, Mattapan, Massachusetts, 02126",BOSTON,MA,02126,VOTE IN COMMUNITY ROOM,,POINT (-71.079818809999949 42.272593122000046),-71.079818809999949,42.272593122000046
193,M,99.730000000000004,-71.079818810322607,42.272593121655966,18.000000000000000,4,GROVELAND COMMUNITY ROOM  VOTER ENTRANCE,15 MARY MOORE BEATTY CIRCLE,"15 Mary Moore Beatty Cir, Mattapan, Massachusetts, 02126",BOSTON,MA,02126,VOTE IN COMMUNITY ROOM,,POINT (-71.079818809999949 42.272593122000046),-71.079818809999949,42.272593122000046
194,M,99.680000000000007,-71.117741172722418,42.285417328721564,18.000000000000000,7,JOHN D PHILBRICK ELEMENTARY  SCHOOL ,40 PHILBRICK STREET,"40 Philbrick Street, Roslindale, Massachusetts, 02131",BOSTON,MA,02131,VOTE IN CAFETERIA,VOTER ENTRANCE REAR DOOR THROUGH SCHOOL YARD,POINT (-71.117741172999956 42.28541732900004),-71.117741172999956,42.285417329000040
195,M,99.659999999999997,-71.127051204036476,42.274807306134505,18.000000000000000,9,GEORGE H CONLEY ELEMENTARY  SCHOOL ,450 POPLAR STREET,"450 Poplar Street, Roslindale, Massachusetts, 02131",BOSTON,MA,02131,VOTE IN HALLWAY & CAFETERIA,HP ENTRANCE THROUGH SCHOOL YARD RIGHT SIDE DOOR,POINT (-71.12705120399994 42.274807306000071),-71.127051203999940,42.274807306000071
196,M,99.170000000000002,-71.104782666594161,42.267264641014521,18.000000000000000,6,JAMES J CHITTICK ELEMENTARY SCHOOL ,154 RUSKINDALE ROAD,"154 Ruskindale Road, Hyde Park, Massachusetts, 02136",BOSTON,MA,02126,VOTE IN AUDITORIUM,VOTER ENTRANCE ROSEBERY ROAD,POINT (-71.104782666999938 42.267264641000054),-71.104782666999938,42.267264641000054
197,M,99.709999999999994,-71.117811245432961,42.265247326467772,18.000000000000000,8,ANOTHER COURSE TO COLLEGE (FORMERLY ELIHU GREENWOOD LEADERSHIP ACADEMY ) , 612 METROPOLITAN AVENUE,"612 Metropolitan Avenue, Hyde Park, Massachusetts, 02136",BOSTON,MA,02136,VOTE IN CAFETERIA,VOTER ENTRANCE REAR PARKING LOT,POINT (-71.117811244999984 42.265247326000065),-71.117811244999984,42.265247326000065
198,M,99.310000000000002,-71.135331183269315,42.277777307796185,18.000000000000000,10,PHINEAS BATES ELEMENTARY SCHOOL ,426 BEECH STREET,"426 Beech Street, Roslindale, Massachusetts, 02131",BOSTON,MA,02131,VOTE IN CAFETERIA,,POINT (-71.135331182999948 42.277777308000054),-71.135331182999948,42.277777308000054
199,M,99.310000000000002,-71.135331183269315,42.277777307796185,18.000000000000000,11,PHINEAS BATES ELEMENTARY SCHOOL ,426 BEECH STREET,"426 Beech Street, Roslindale, Massachusetts, 02131",BOSTON,MA,02131,VOTE IN CAFETERIA,,POINT (-71.135331182999948 42.277777308000054),-71.135331182999948,42.277777308000054
200,M,99.140000000000001,-71.102571185260345,42.264587293502217,18.000000000000000,5,HASSAN APARTMENTS ,705 RIVER STREET,"705 River Street, Hyde Park, Massachusetts, 02136",BOSTON,MA,02126,VOTE IN RECREATION ROOM,VOTER ENTRANCE RIGHT SIDE OF BUILDING  HP ENTRANCE MAIN ENTRANCE,POINT (-71.102571184999988 42.26458729400008),-71.102571184999988,42.264587294000080
201,M,99.329999999999998,-71.121082199328157,42.256315612353518,18.000000000000000,12,HYDE PARK MUNICIPAL BUILDING ,1179 RIVER STREET,"1179 River Street, Hyde Park, Massachusetts, 02136",BOSTON,MA,02136,VOTE IN MULTI PURPOSE ROOM IN BASEMENT,VOTER ENTRANCE RIGHT SIDE OF BUILDING,POINT (-71.121082198999943 42.256315612000037),-71.121082198999943,42.256315612000037
202,M,99.439999999999998,-71.117811245432961,42.265247326467772,18.000000000000000,14,ANOTHER COURSE TO COLLEGE (FORMERLY ELIHU GREENWOOD LEADERSHIP ACADEMY ) , 612 METROPOLITAN AVENUE,"612 Metropolitan Avenue, Hyde Park, Massachusetts, 02136",BOSTON,MA,02136,VOTE IN CAFETERIA,VOTER ENTRANCE REAR PARKING LOT,POINT (-71.117811244999984 42.265247326000065),-71.117811244999984,42.265247326000065
203,M,99.439999999999998,-71.117811245432961,42.265247326467772,18.000000000000000,15,ANOTHER COURSE TO COLLEGE (FORMERLY ELIHU GREENWOOD LEADERSHIP ACADEMY ) , 612 METROPOLITAN AVENUE,"612 Metropolitan Avenue, Hyde Park, Massachusetts, 02136",BOSTON,MA,02136,VOTE IN CAFETERIA,VOTER ENTRANCE REAR PARKING LOT,POINT (-71.117811244999984 42.265247326000065),-71.117811244999984,42.265247326000065
204,M,99.390000000000001,-71.124803177604832,42.251700285008042,18.000000000000000,13,THE BLAKE ESTATES ,1344 HYDE PARK AVENUE,"1344 Hyde Park Avenue, Hyde Park, Massachusetts, 02136",BOSTON,MA,02136,VOTE IN COMMUNITY ROOM,,POINT (-71.124803177999979 42.251700285000027),-71.124803177999979,42.251700285000027
205,M,99.439999999999998,-71.110261162328655,42.254017294502830,18.000000000000000,16,BOSTON BAPTIST COLLEGE ,950 METROPOLITAN AVENUE,"950 Metropolitan Avenue, Hyde Park, Massachusetts, 02136",BOSTON,MA,02136,VOTE IN HENDERSON HALL,VOTER ENTRANCE TO THE RIGHT OF MAIN DOOR THROUGH PARKING LOT,POINT (-71.110261161999972 42.25401729500004),-71.110261161999972,42.254017295000040
206,M,99.290000000000006,-71.124184844607569,42.243223121503007,18.000000000000000,17,FRANKLIN D ROOSEVELT K8 SCHOOL ,95 NEEDHAM ROAD,"95 Needham Road, Hyde Park, Massachusetts, 02136",BOSTON,MA,02136,VOTE IN CAFETERIA,,POINT (-71.124184844999945 42.243223122000074),-71.124184844999945,42.243223122000074
207,M,99.329999999999998,-71.121082199328157,42.256315612353518,18.000000000000000,19,HYDE PARK MUNICIPAL BUILDING ,1179 RIVER STREET,"1179 River Street, Hyde Park, Massachusetts, 02136",BOSTON,MA,02136,VOTE IN MULTI PURPOSE ROOM IN BASEMENT,VOTER ENTRANCE RIGHT SIDE OF BUILDING,POINT (-71.121082198999943 42.256315612000037),-71.121082198999943,42.256315612000037
208,M,99.390000000000001,-71.124803177604832,42.251700285008042,18.000000000000000,18,THE BLAKE ESTATES ,1344 HYDE PARK AVENUE,"1344 Hyde Park Avenue, Hyde Park, Massachusetts, 02136",BOSTON,MA,02136,VOTE IN COMMUNITY ROOM,,POINT (-71.124803177999979 42.251700285000027),-71.124803177999979,42.251700285000027
209,M,99.329999999999998,-71.127051204036476,42.274807306134505,18.000000000000000,22,GEORGE H CONLEY ELEMENTARY  SCHOOL ,450 POPLAR STREET,"450 Poplar Street, Roslindale, Massachusetts, 02131",BOSTON,MA,02131,VOTE IN HALLWAY & CAFETERIA,HP ENTRANCE THROUGH SCHOOL YARD RIGHT SIDE DOOR,POINT (-71.12705120399994 42.274807306000071),-71.127051203999940,42.274807306000071
210,M,99.329999999999998,-71.132881236790155,42.233907306675746,18.000000000000000,20,HEMENWAY CAMPUS OF THE FRANKLIN D ROOSEVELT K8 SCHOOL ,30 MILLSTONE ROAD,"30 Millstone Road, Hyde Park, Massachusetts, 02136",BOSTON,MA,02136,VOTE IN ROOM 102,VOTER ENTRANCE LEFT SIDE OF BUILDING FROM HYDE PARK AVENUE,POINT (-71.132881236999935 42.233907307000038),-71.132881236999935,42.233907307000038
211,M,98.870000000000005,-71.104782666594161,42.267264641014521,18.000000000000000,21,JAMES J CHITTICK ELEMENTARY SCHOOL ,154 RUSKINDALE ROAD,"154 Ruskindale Road, Hyde Park, Massachusetts, 02136",BOSTON,MA,02126,VOTE IN AUDITORIUM,VOTER ENTRANCE ROSEBERY ROAD,POINT (-71.104782666999938 42.267264641000054),-71.104782666999938,42.267264641000054
212,M,99.640000000000001,-71.131491181967547,42.305597305440159,19.000000000000000,2,JOSEPH P MANNING ELEMENTARY SCHOOL ,130 LOUDER'S LANE,"130 Louder's Lane, Jamaica Plain, Massachusetts, 02130",BOSTON,MA,02130,VOTE IN CAFETERIA,HP ENTRANCE RIGHT SIDE REAR DOOR,POINT (-71.131491181999934 42.305597305000049),-71.131491181999934,42.305597305000049
213,M,99.430000000000007,-71.144431247908827,42.258880307087139,18.000000000000000,23,GEORGETOWNE HOMES COMMUNITY ROOM ,400A GEORGETOWNE DRIVE,"400A Georgetowne Drive, Hyde Park, Massachusetts, 02136",BOSTON,MA,02136,VOTE IN MAIN COMMUNITY ROOM (NEXT TO OFFICE),,POINT (-71.144431247999933 42.258880307000027),-71.144431247999933,42.258880307000027
214,M,99.659999999999997,-71.112951250333779,42.318517338632859,19.000000000000000,1,CURLEY K8 (FORMERLY KNOWN AS MARY E CURLEY SCHOOL),493 CENTRE STREET,"493 Centre Street, Jamaica Plain, Massachusetts, 02130",BOSTON,MA,02130,VOTE IN CAFETERIA,VOTER ENTRANCE THROUGH DRIVEWAY ON PERSHING ROAD,POINT (-71.112951249999981 42.318517339000039),-71.112951249999981,42.318517339000039
215,M,99.689999999999998,-71.104331301108161,42.318248908183648,19.000000000000000,4,NATE SMITH ELDERLY HOUSING ,155 LAMARTINE STREET,"155 Lamartine Street, Jamaica Plain, Massachusetts, 02130",BOSTON,MA,02130,VOTE IN MEETING ROOM,,POINT (-71.104331300999945 42.318248908000044),-71.104331300999945,42.318248908000044
216,M,99.620000000000005,-71.114938180481516,42.315224340332321,19.000000000000000,5,COLLINS APARTMENTS , 29 POND STREET,"29 Pond Street, Jamaica Plain, Massachusetts, 02130",BOSTON,MA,02130,VOTE IN COMMUNITY ROOM,,POINT (-71.114938179999967 42.315224340000043),-71.114938179999967,42.315224340000043
217,M,99.659999999999997,-71.112951250333779,42.318517338632859,19.000000000000000,3,CURLEY K8 (FORMERLY KNOWN AS MARY E CURLEY SCHOOL),493 CENTRE STREET,"493 Centre Street, Jamaica Plain, Massachusetts, 02130",BOSTON,MA,02130,VOTE IN CAFETERIA,VOTER ENTRANCE THROUGH DRIVEWAY ON PERSHING ROAD,POINT (-71.112951249999981 42.318517339000039),-71.112951249999981,42.318517339000039
218,M,99.629999999999995,-71.114291181375407,42.307277332203114,19.000000000000000,8,MARGARITA MUNIZ ACADEMY (FORMERLY LOUIS AGASSIZ ELEMENTARY SCHOOL),20 CHILD STREET,"20 Child Street, Jamaica Plain, Massachusetts, 02130",BOSTON,MA,02130,VOTE IN GYMNASIUM,VOTER ENTRANCE GYMNASIUM DOOR TO THE RIGHT OF MAIN ENTRANCE,POINT (-71.114291180999942 42.307277332000069),-71.114291180999942,42.307277332000069
219,M,99.629999999999995,-71.114291181375407,42.307277332203114,19.000000000000000,9,MARGARITA MUNIZ ACADEMY (FORMERLY LOUIS AGASSIZ ELEMENTARY SCHOOL) ,20 CHILD STREET,"20 Child Street, Jamaica Plain, Massachusetts, 02130",BOSTON,MA,02130,VOTE IN GYMNASIUM,VOTER ENTRANCE GYMNASIUM DOOR TO THE RIGHT OF MAIN ENTRANCE,POINT (-71.114291180999942 42.307277332000069),-71.114291180999942,42.307277332000069
220,M,99.629999999999995,-71.109381230133295,42.311757333721857,19.000000000000000,6,BOWDITCH SCHOOL BUILDING ,82 GREEN STREET,"82 Green Street, Jamaica Plain, Massachusetts, 02130",BOSTON,MA,02130,VOTE IN COMMUNITY ROOM,,POINT (-71.10938122999994 42.311757334000049),-71.109381229999940,42.311757334000049
221,M,99.379999999999995,-71.124931253085350,42.283647322228006,19.000000000000000,10,WASHINGTON IRVING SCHOOL ,105 CUMMINS HIGHWAY,"105 Cummins Highway, Roslindale, Massachusetts, 02131",BOSTON,MA,02131,VOTER ENTRANCE REAR OF SCHOOL FROM HAWTHORNE STREET VOTE IN ROOM #102,,POINT (-71.124931252999943 42.283647322000036),-71.124931252999943,42.283647322000036
222,M,99.670000000000002,-71.117707645109718,42.290179800377302,19.000000000000000,7,WOODBOURNE APARTMENTS ,6 SOUTHBOURNE ROAD,"6 Southbourne Road, Jamaica Plain, Massachusetts, 02130",BOSTON,MA,02130,VOTE IN DINING ROOM,,POINT (-71.117707644999939 42.290179800000033),-71.117707644999939,42.290179800000033
223,M,99.290000000000006,-71.121331225671497,42.293807320433586,19.000000000000000,11,JOSEPH CALCI TRAINING CENTER ,25 COLGATE ROAD,"25 Colgate Road, Roslindale, Massachusetts, 02131",BOSTON,MA,02131,VOTE IN WALLPAPER ROOM,,POINT (-71.121331225999938 42.293807320000042),-71.121331225999938,42.293807320000042
224,M,99.379999999999995,-71.124931253085350,42.283647322228006,19.000000000000000,13,WASHINGTON IRVING SCHOOL ,105 CUMMINS HIGHWAY,"105 Cummins Highway, Roslindale, Massachusetts, 02131",BOSTON,MA,02131,VOTER ENTRANCE REAR OF SCHOOL FROM HAWTHORNE STREET VOTE IN ROOM #103,,POINT (-71.124931252999943 42.283647322000036),-71.124931252999943,42.283647322000036
225,M,99.670000000000002,-71.131581203607652,42.286777334421316,20.000000000000000,1,SAINT NECTARIOS GREEK CHURCH ,39 BELGRADE AVENUE,"39 Belgrade Avenue, Roslindale, Massachusetts, 02131",BOSTON,MA,02131,VOTE IN BANQUET HALL,VOTER ENTRANCE CORNER OF BELGRADE AVENUE AND ROBERTS STREET,POINT (-71.131581203999986 42.286777334000078),-71.131581203999986,42.286777334000078
226,M,99.670000000000002,-71.131581203607652,42.286777334421316,20.000000000000000,2,SAINT NECTARIOS GREEK CHURCH ,39 BELGRADE AVENUE,"39 Belgrade Avenue, Roslindale, Massachusetts, 02131",BOSTON,MA,02131,VOTE IN BANQUET HALL,VOTER ENTRANCE CORNER OF BELGRADE AVENUE AND ROBERTS STREET,POINT (-71.131581203999986 42.286777334000078),-71.131581203999986,42.286777334000078
227,M,99.349999999999994,-71.117707645109718,42.290179800377302,19.000000000000000,12,WOODBOURNE APARTMENTS ,6 SOUTHBOURNE ROAD,"6 Southbourne Road, Jamaica Plain, Massachusetts, 02130",BOSTON,MA,02130,VOTE IN DINING ROOM,,POINT (-71.117707644999939 42.290179800000033),-71.117707644999939,42.290179800000033
228,M,99.670000000000002,-71.131581203607652,42.286777334421316,20.000000000000000,4,SAINT NECTARIOS GREEK CHURCH ,39 BELGRADE AVENUE,"39 Belgrade Avenue, Roslindale, Massachusetts, 02131",BOSTON,MA,02131,VOTE IN BANQUET HALL,VOTER ENTRANCE CORNER OF BELGRADE AVENUE AND ROBERTS STREET,POINT (-71.131581203999986 42.286777334000078),-71.131581203999986,42.286777334000078
229,M,99.709999999999994,-71.156131211275294,42.263447312760832,20.000000000000000,3,LUDWIG VAN BEETHOVEN ELEMENTARY SCHOOL ,5125 WASHINGTON STREET,"5125 Washington Street, West Roxbury, Massachusetts, 02132",BOSTON,MA,02132,VOTE IN GYMNASIUM,,POINT (-71.156131210999945 42.263447313000029),-71.156131210999945,42.263447313000029
230,M,99.640000000000001,-71.161526809987393,42.278274606111580,20.000000000000000,5,SPRING STREET APARTMENTS ,23 SPRING STREET,"23 Spring Street, West Roxbury, Massachusetts, 02132",BOSTON,MA,02132,VOTE IN RECREATION ROOM,,POINT (-71.161526809999941 42.278274606000025),-71.161526809999941,42.278274606000025
231,M,99.640000000000001,-71.141051245453326,42.281237315517501,20.000000000000000,9,WOLFGANG A MOZART ELEMENTARY SCHOOL ,236 BEECH STREET,"236 Beech Street, Roslindale, Massachusetts, 02131",BOSTON,MA,02131,VOTE IN CAFETERIA,VOTER ENTRANCE FROM EASTBOURNE STREET  HP ENTRANCE LEFT REAR,POINT (-71.141051244999971 42.281237316000045),-71.141051244999971,42.281237316000045
232,M,99.670000000000002,-71.148392451530512,42.286839989147552,20.000000000000000,8,AREA E POLICE STATION ,1708 CENTRE STREET,"1708 Centre Street, West Roxbury, Massachusetts, 02132",BOSTON,MA,02132,VOTE IN COMMUNITY ROOM,,POINT (-71.148392451999939 42.286839989000043),-71.148392451999939,42.286839989000043
233,M,99.709999999999994,-71.148451963043044,42.288015006244194,20.000000000000000,6,HOLY NAME PARISH HALL ,535 WEST ROXBURY PARKWAY,"535 West Roxbury Parkway, West Roxbury, Massachusetts, 02132",BOSTON,MA,02132,VOTE IN GYMNASIUM,,POINT (-71.148451962999957 42.28801500600008),-71.148451962999957,42.288015006000080
234,M,99.709999999999994,-71.148451963043044,42.288015006244194,20.000000000000000,7,HOLY NAME PARISH HALL ,535 WEST ROXBURY PARKWAY,"535 West Roxbury Parkway, West Roxbury, Massachusetts, 02132",BOSTON,MA,02132,VOTE IN GYMNASIUM,,POINT (-71.148451962999957 42.28801500600008),-71.148451962999957,42.288015006000080
235,M,99.349999999999994,-71.151631218917501,42.277247320058393,20.000000000000000,10,SAINT GEORGE ORTHODOX CHURCH ,55 EMMONSDALE ROAD,"55 Emmonsdale Road, West Roxbury, Massachusetts, 02132",BOSTON,MA,02132,VOTE IN FUNCTION HALL,,POINT (-71.151631218999967 42.277247320000072),-71.151631218999967,42.277247320000072
236,M,99.349999999999994,-71.149340696236749,42.287029839254473,20.000000000000000,11,ROCHE COMMUNITY CENTER ,1716 CENTRE STREET,"1716 Centre Street, West Roxbury, Massachusetts, 02132",BOSTON,MA,02132,VOTE IN FUNCTION ROOM,VOTER ENTRANCE REAR PARKING LOT,POINT (-71.149340695999967 42.28702983900007),-71.149340695999967,42.287029839000070
237,M,99.409999999999997,-71.158371274898940,42.283007322011059,20.000000000000000,13,PATRICK LYNDON K8 SCHOOL ,20 MOUNT VERNON STREET,"20 Mount Vernon Street, West Roxbury, Massachusetts, 02132",BOSTON,MA,02132,VOTE IN GYMNASIUM,HP ENTRANCE REAR SCHOOL YARD,POINT (-71.158371274999979 42.28300732200006),-71.158371274999979,42.283007322000060
238,M,99.409999999999997,-71.158371274898940,42.283007322011059,20.000000000000000,12,PATRICK LYNDON K8 SCHOOL ,20 MOUNT VERNON STREET,"20 Mount Vernon Street, West Roxbury, Massachusetts, 02132",BOSTON,MA,02132,VOTE IN GYMNASIUM,HP ENTRANCE REAR SCHOOL YARD,POINT (-71.158371274999979 42.28300732200006),-71.158371274999979,42.283007322000060
239,M,99.430000000000007,-71.156131211275294,42.263447312760832,20.000000000000000,15,LUDWIG VAN BEETHOVEN ELEMENTARY SCHOOL ,5125 WASHINGTON STREET,"5125 Washington Street, West Roxbury, Massachusetts, 02132",BOSTON,MA,02132,VOTE IN GYMNASIUM,,POINT (-71.156131210999945 42.263447313000029),-71.156131210999945,42.263447313000029
240,M,99.349999999999994,-71.151631218917501,42.277247320058393,20.000000000000000,14,SAINT GEORGE ORTHODOX CHURCH ,55 EMMONSDALE ROAD,"55 Emmonsdale Road, West Roxbury, Massachusetts, 02132",BOSTON,MA,02132,VOTE IN FUNCTION HALL,,POINT (-71.151631218999967 42.277247320000072),-71.151631218999967,42.277247320000072
241,M,99.290000000000006,-71.162595586461293,42.271901090756018,20.000000000000000,16,JOYCE KILMER LOWER SCHOOL (K03),35 BAKER STREET,"35 Baker Street, West Roxbury, Massachusetts, 02132",BOSTON,MA,02132,VOTE IN CAFETERIA,VOTER ENTRANCE FROM SCHOOL YARD,POINT (-71.162595585999952 42.271901091000075),-71.162595585999952,42.271901091000075
242,M,99.349999999999994,-71.157371230031075,42.283567316962205,20.000000000000000,17,WEST ROXBURY BRANCH LIBRARY ,1961 CENTRE STREET,"1961 Centre Street, West Roxbury, Massachusetts, 02132",BOSTON,MA,02132,VOTE IN MEETING ROOM,,POINT (-71.157371229999967 42.283567317000063),-71.157371229999967,42.283567317000063
243,M,99.349999999999994,-71.157371230031075,42.283567316962205,20.000000000000000,18,WEST ROXBURY BRANCH LIBRARY ,1961 CENTRE STREET,"1961 Centre Street, West Roxbury, Massachusetts, 02132",BOSTON,MA,02132,VOTE IN MEETING ROOM,,POINT (-71.157371229999967 42.283567317000063),-71.157371229999967,42.283567317000063
244,M,99.430000000000007,-71.156131211275294,42.263447312760832,20.000000000000000,21,LUDWIG VAN BEETHOVEN ELEMENTARY SCHOOL ,5125 WASHINGTON STREET,"5125 Washington Street, West Roxbury, Massachusetts, 02132",BOSTON,MA,02132,VOTE IN GYMNASIUM,,POINT (-71.156131210999945 42.263447313000029),-71.156131210999945,42.263447313000029
245,M,99.659999999999997,-71.097541205164760,42.343362347382765,21.000000000000000,1,BOSTON TEMPLE SEVENTHDAY ADVENTIST CHURCH ,105 JERSEY STREET,"105 Jersey Street, Boston, Massachusetts, 02215",BOSTON,MA,02215,VOTE IN POWERY HALL,VOTER ENTRANCE RIGHT SIDE OF BUILDING THROUGH PARKING LOT ON PETERBOROUGH STREET,POINT (-71.09754120499997 42.343362347000038),-71.097541204999970,42.343362347000038
246,M,99.439999999999998,-71.148451963043044,42.288015006244194,20.000000000000000,20,HOLY NAME PARISH HALL ,535 WEST ROXBURY PARKWAY,"535 West Roxbury Parkway, West Roxbury, Massachusetts, 02132",BOSTON,MA,02132,VOTE IN GYMNASIUM,,POINT (-71.148451962999957 42.28801500600008),-71.148451962999957,42.288015006000080
247,M,99.439999999999998,-71.148451963043044,42.288015006244194,20.000000000000000,19,HOLY NAME PARISH HALL ,535 WEST ROXBURY PARKWAY,"535 West Roxbury Parkway, West Roxbury, Massachusetts, 02132",BOSTON,MA,02132,VOTE IN GYMNASIUM,,POINT (-71.148451962999957 42.28801500600008),-71.148451962999957,42.288015006000080
248,M,99.670000000000002,-71.101768701850332,42.348362823179173,21.000000000000000,2,BOSTON UNIVERSITY LIFE SCIENCE AND ENGINEERING BUILDING ,24 CUMMINGTON MALL,"24 Cummington Mall, Boston, Massachusetts, 02215",BOSTON,MA,02215,VOTE IN CONFERENCE ROOM 103,,POINT (-71.101768701999958 42.348362823000059),-71.101768701999958,42.348362823000059
249,M,99.689999999999998,-71.137455576629122,42.353141932912706,21.000000000000000,3,JACKSON MANN SCHOOL ,500 CAMBRIDGE STREET,"500 Cambridge Street, Allston, Massachusetts, 02134",BOSTON,MA,02134,VOTE IN AUDITORIUM,,POINT (-71.137455576999969 42.353141933000074),-71.137455576999969,42.353141933000074
250,M,99.689999999999998,-71.137455576629122,42.353141932912706,21.000000000000000,4,JACKSON MANN SCHOOL ,500 CAMBRIDGE STREET,"500 Cambridge Street, Allston, Massachusetts, 02134",BOSTON,MA,02134,VOTE IN AUDITORIUM,,POINT (-71.137455576999969 42.353141933000074),-71.137455576999969,42.353141933000074
251,M,99.689999999999998,-71.137455576629122,42.353141932912706,21.000000000000000,6,JACKSON MANN SCHOOL ,500 CAMBRIDGE STREET,"500 Cambridge Street, Allston, Massachusetts, 02134",BOSTON,MA,02134,VOTE IN AUDITORIUM,,POINT (-71.137455576999969 42.353141933000074),-71.137455576999969,42.353141933000074
252,M,99.689999999999998,-71.137455576629122,42.353141932912706,21.000000000000000,5,JACKSON MANN SCHOOL ,500 CAMBRIDGE STREET,"500 Cambridge Street, Allston, Massachusetts, 02134",BOSTON,MA,02134,VOTE IN AUDITORIUM,,POINT (-71.137455576999969 42.353141933000074),-71.137455576999969,42.353141933000074
253,M,99.640000000000001,-71.145471274454835,42.350327331735912,21.000000000000000,8,BOSTON GREEN ACADEMY (FORMERLY KNOWN AS WILLIAM HOWARD TAFT SCHOOL) ,20 WARREN STREET,"20 Warren Street, Brighton, Massachusetts, 02135",BOSTON,MA,02135,VOTE IN GYMNASIUM,VOTER ENTRANCE USE DOOR ON CAMBRIDGE STREET THROUGH WALKWAY  HP ENTRANCE USE ELEVATOR TO THE RIGHT OF STAIRCASE,POINT (-71.145471273999988 42.350327332000063),-71.145471273999988,42.350327332000063
254,M,99.640000000000001,-71.145471274454835,42.350327331735912,21.000000000000000,9,BOSTON GREEN ACADEMY (FORMERLY KNOWN AS WILLIAM HOWARD TAFT SCHOOL) ,20 WARREN STREET,"20 Warren Street, Brighton, Massachusetts, 02135",BOSTON,MA,02135,VOTE IN GYMNASIUM,VOTER ENTRANCE USE DOOR ON CAMBRIDGE STREET THROUGH WALKWAY  HP ENTRANCE USE ELEVATOR TO THE RIGHT OF STAIRCASE,POINT (-71.145471273999988 42.350327332000063),-71.145471273999988,42.350327332000063
255,M,99.689999999999998,-71.137455576629122,42.353141932912706,21.000000000000000,7,JACKSON MANN SCHOOL ,500 CAMBRIDGE STREET,"500 Cambridge Street, Allston, Massachusetts, 02134",BOSTON,MA,02134,VOTE IN AUDITORIUM,,POINT (-71.137455576999969 42.353141933000074),-71.137455576999969,42.353141933000074
256,M,99.390000000000001,-71.141586849066243,42.342585470686942,21.000000000000000,12,PATRICIA WHITE APARTMENTS ,20 WASHINGTON STREET,"20 Washington Street, Brighton, Massachusetts, 02135",BOSTON,MA,02135,VOTE IN COMMUNITY ROOM,,POINT (-71.141586848999964 42.342585471000064),-71.141586848999964,42.342585471000064
257,M,99.379999999999995,-71.154741240271719,42.340127351852203,21.000000000000000,14,ALEXANDER HAMILTON SCHOOL ,198 STRATHMORE ROAD,"198 Strathmore Road, Brighton, Massachusetts, 02135",BOSTON,MA,02135,VOTE IN CAFETERIA & MUSIC HALL,VOTER ENTRANCE THROUGH REAR SCHOOL YARD FROM CHESTNUT HILL AVENUE,POINT (-71.154741239999964 42.340127352000025),-71.154741239999964,42.340127352000025
258,M,94.000000000000000,-71.147003474215353,42.346475298370557,21.000000000000000,10,WASHINGTON STREET APARTMENTS,9195 WASHINGTON STREET,"Washington St, Brighton, Massachusetts, 02135",BOSTON,MA,02135,VOTE IN ROSALIND B FREED COMMUNITY ROOM,,POINT (-71.147003473999973 42.34647529800003),-71.147003473999973,42.346475298000030
259,M,94.000000000000000,-71.147003474215353,42.346475298370557,21.000000000000000,11,WASHINGTON STREET APARTMENTS,9195 WASHINGTON STREET,"Washington St, Brighton, Massachusetts, 02135",BOSTON,MA,02135,VOTE IN ROSALIND B FREED COMMUNITY ROOM,,POINT (-71.147003473999973 42.34647529800003),-71.147003473999973,42.346475298000030
260,M,99.379999999999995,-71.154741240271719,42.340127351852203,21.000000000000000,15,ALEXANDER HAMILTON SCHOOL ,198 STRATHMORE ROAD,"198 Strathmore Road, Brighton, Massachusetts, 02135",BOSTON,MA,02135,VOTE IN CAFETERIA & MUSIC HALL,VOTER ENTRANCE THROUGH REAR SCHOOL YARD FROM CHESTNUT HILL AVENUE,POINT (-71.154741239999964 42.340127352000025),-71.154741239999964,42.340127352000025
261,M,99.379999999999995,-71.154741240271719,42.340127351852203,21.000000000000000,16,ALEXANDER HAMILTON SCHOOL ,198 STRATHMORE ROAD,"198 Strathmore Road, Brighton, Massachusetts, 02135",BOSTON,MA,02135,VOTE IN CAFETERIA & MUSIC HALL,VOTER ENTRANCE THROUGH REAR SCHOOL YARD FROM CHESTNUT HILL AVENUE,POINT (-71.154741239999964 42.340127352000025),-71.154741239999964,42.340127352000025
262,M,99.709999999999994,-71.128092404048928,42.360124938357671,22.000000000000000,1,HONAN  ALLSTON BRANCH LIBRARY ,300 NORTH HARVARD STREET,"300 North Harvard Street, Allston, Massachusetts, 02134",BOSTON,MA,02134,VOTE IN REAR COMMUNITY ROOM,VOTER ENTRANCE RIGHT SIDE DOOR ON ETONIA STREET,POINT (-71.128092403999972 42.36012493800007),-71.128092403999972,42.360124938000070
263,M,99.709999999999994,-71.128092404048928,42.360124938357671,22.000000000000000,2,HONAN  ALLSTON BRANCH LIBRARY ,300 NORTH HARVARD STREET,"300 North Harvard Street, Allston, Massachusetts, 02134",BOSTON,MA,02134,VOTE IN FRONT COMMUNITY ROOM,VOTER ENTRANCE RIGHT SIDE DOOR ON ETONIA STREET,POINT (-71.128092403999972 42.36012493800007),-71.128092403999972,42.360124938000070
264,M,99.379999999999995,-71.152110412322031,42.342189677218983,21.000000000000000,13,JEWISH COMMUNITY HOUSING FOR THE ELDERLY,30 WALLINGFORD ROAD,"30 Wallingford Road, Brighton, Massachusetts, 02135",BOSTON,MA,02135,VOTE IN DINING ROOM,,POINT (-71.152110411999956 42.342189677000079),-71.152110411999956,42.342189677000079
265,M,99.709999999999994,-71.153429388605730,42.348263162350406,22.000000000000000,3,VERONICA B SMITH MULTISERVICE SENIOR CENTER ,20 CHESTNUT HILL AVENUE,"20 Chestnut Hill Avenue, Brighton, Massachusetts, 02135",BOSTON,MA,02135,VOTE IN AUDITORIUM 2ND FLOOR,,POINT (-71.153429388999939 42.34826316200008),-71.153429388999939,42.348263162000080
266,M,99.700000000000003,-71.167137236877878,42.350930325850356,22.000000000000000,4,OAK SQUARE YMCA ,615 WASHINGTON STREET,"615 Washington Street, Brighton, Massachusetts, 02135",BOSTON,MA,02135,VOTE IN GYMNASIUM,,POINT (-71.167137236999963 42.350930326000025),-71.167137236999963,42.350930326000025
267,M,99.709999999999994,-71.128092404048928,42.360124938357671,22.000000000000000,5,HONAN  ALLSTON BRANCH LIBRARY ,300 NORTH HARVARD STREET,"300 North Harvard Street, Allston, Massachusetts, 02134",BOSTON,MA,02134,VOTE IN FRONT COMMUNITY ROOM,VOTER ENTRANCE RIGHT SIDE DOOR ON ETONIA STREET,POINT (-71.128092403999972 42.36012493800007),-71.128092403999972,42.360124938000070
268,M,99.640000000000001,-71.145471274454835,42.350327331735912,22.000000000000000,6,BOSTON GREEN ACADEMY (FORMERLY KNOWN AS WILLIAM HOWARD TAFT SCHOOL) ,20 WARREN STREET,"20 Warren Street, Brighton, Massachusetts, 02135",BOSTON,MA,02135,VOTE IN GYMNASIUM,VOTER ENTRANCE USE DOOR ON CAMBRIDGE STREET THROUGH WALKWAY  HP ENTRANCE USE ELEVATOR TO THE RIGHT OF STAIRCASE,POINT (-71.145471273999988 42.350327332000063),-71.145471273999988,42.350327332000063
269,M,99.390000000000001,-71.160761206951349,42.352137319907598,22.000000000000000,10,LYON UPPER SCHOOL (712) (FORMERLY JAMES A GARFIELD SCHOOL) ,95 BEECHCROFT STREET,"95 Beechcroft Street, Brighton, Massachusetts, 02135",BOSTON,MA,02135,VOTE IN CAFETERIA,,POINT (-71.16076120699995 42.352137320000054),-71.160761206999950,42.352137320000054
270,M,99.640000000000001,-71.160191237535415,42.345597339954963,22.000000000000000,8,THOMAS A EDISON SCHOOL ,60 GLENMONT ROAD,"60 Glenmont Road, Brighton, Massachusetts, 02135",BOSTON,MA,02135,VOTE IN ROOM 013,HP ENTRANCE REAR PARKING LOT,POINT (-71.160191237999982 42.34559734000004),-71.160191237999982,42.345597340000040
271,M,99.640000000000001,-71.160191237535415,42.345597339954963,22.000000000000000,9,THOMAS A EDISON SCHOOL ,60 GLENMONT ROAD,"60 Glenmont Road, Brighton, Massachusetts, 02135",BOSTON,MA,02135,VOTE IN ROOM 015,HP ENTRANCE REAR PARKING LOT,POINT (-71.160191237999982 42.34559734000004),-71.160191237999982,42.345597340000040
272,M,99.700000000000003,-71.167137236877878,42.350930325850356,22.000000000000000,7,OAK SQUARE YMCA ,615 WASHINGTON STREET,"615 Washington Street, Brighton, Massachusetts, 02135",BOSTON,MA,02135,VOTE IN GYMNASIUM,,POINT (-71.167137236999963 42.350930326000025),-71.167137236999963,42.350930326000025
273,M,99.390000000000001,-71.160761206951349,42.352137319907598,22.000000000000000,11,LYON UPPER SCHOOL (712) (FORMERLY JAMES A GARFIELD SCHOOL) ,95 BEECHCROFT STREET,"95 Beechcroft Street, Brighton, Massachusetts, 02135",BOSTON,MA,02135,VOTE IN CAFETERIA,,POINT (-71.16076120699995 42.352137320000054),-71.160761206999950,42.352137320000054
274,M,99.390000000000001,-71.160761206951349,42.352137319907598,22.000000000000000,12,LYON UPPER SCHOOL (712) (FORMERLY JAMES A GARFIELD SCHOOL) ,95 BEECHCROFT STREEt,"95 Beechcroft Street, Brighton, Massachusetts, 02135",BOSTON,MA,02135,VOTE IN CAFETERIA,,POINT (-71.16076120699995 42.352137320000054),-71.160761206999950,42.352137320000054
275,M,99.409999999999997,-71.167137236877878,42.350930325850356,22.000000000000000,13,OAK SQUARE YMCA ,615 WASHINGTON STREET,"615 Washington Street, Brighton, Massachusetts, 02135",BOSTON,MA,02135,VOTE IN GYMNASIUM,,POINT (-71.167137236999963 42.350930326000025),-71.167137236999963,42.350930326000025
